Date,Open,High,Low,Volume
2018-04-23,630.93,647.47,616.88,101169.44201323
2018-04-22,603.24,643.47,590.7,84994.96814536
2018-04-21,615.63,624.21,571.61,110771.97400777
2018-04-20,560.83,622.22,557.4,186576.44328884
2018-04-19,522.42,565.56,521.18,129978.20833457
2018-04-18,503.71,526.05,500.5,97805.92990427
2018-04-17,506.63,522.0,500.49,99460.75292161
2018-04-16,528.9,537.5,498.29,132249.83865872
2018-04-12,423.1,492.0,413.81,245904.47966413
2018-04-11,410.72,424.94,409.81,81481.36279514
2018-04-10,392.45,418.26,392.25,70025.58750856
2018-04-09,399.78,432.0,388.0,129292.71878025
2018-04-08,385.57,404.4,383.54,70886.14263432
2018-04-06,383.85,386.21,363.33,100399.55957244
2018-04-05,376.31,387.2,366.54,90003.11826583
2018-04-04,412.99,418.0,370.08,120980.22002803
2018-04-03,382.97,421.59,380.89,165430.24580794
2018-04-02,377.6,393.96,375.36,90826.87620851
2018-04-01,396.41,400.65,360.0,111088.54789306
2018-03-31,387.09,438.77,385.01,160223.23921591
2018-03-30,389.26,411.0,365.0,294859.12030137
2018-03-29,445.59,448.0,379.1,280778.62573248
2018-03-28,459.86,464.89,439.18,102668.65383944
2018-03-27,493.81,497.62,445.0,159124.20893342
2018-03-26,524.73,525.88,466.1,149630.63290939
2018-03-23,537.8,543.87,507.84,86309.55520513
2018-03-22,555.51,578.73,517.6,97192.545863
2018-03-19,531.03,560.9,516.4,188295.35204085
2018-03-17,610.72,611.49,541.11,105622.85537886
2018-03-16,614.0,626.13,585.0,85436.93857777
2018-03-15,602.27,621.47,571.16,153217.93533022
2018-03-14,688.93,702.5,585.52,147123.54492016
2018-03-12,721.01,739.0,678.0,75637.78267318
2018-03-07,818.14,825.0,724.0,135800.75334434
2018-03-06,853.79,854.5,800.89,62467.7746918
2018-03-05,860.0,866.0,850.0,43910.6391618
2018-03-02,869.39,873.12,845.85,45578.92789866
2018-02-28,876.7,887.5,856.32,57457.08907184
2018-02-27,868.23,894.0,860.5,64325.33475847
2018-02-26,845.31,877.5,835.0,68241.38106296
2018-02-25,831.0,849.26,816.89,38972.53888741
2018-02-23,807.3,883.89,786.0,104505.53056621
2018-02-22,840.5,870.0,790.01,105798.69553876
2018-02-21,892.3,908.17,817.01,150081.16262831
2018-02-20,936.0,958.0,881.0,105126.86722504
2018-02-15,920.79,948.23,905.49,141983.63211174
2018-02-14,838.95,924.7,838.03,170808.92473018
2018-02-13,866.49,872.85,826.0,75598.12899642
2018-02-12,833.0,874.03,809.0,95404.03969528
2018-02-11,853.5,855.0,780.0,98729.62652094
2018-02-10,863.89,908.76,815.0,164741.22163022
2018-02-09,808.0,879.2,780.0,165228.55012552
2018-02-08,794.0,843.0,740.0,224754.53515242
2018-02-07,772.5,864.68,718.03,338769.89553891
2018-02-06,690.4,807.5,555.56,770201.67129492
2018-02-05,845.0,857.5,614.02,596711.99279122
2018-02-04,959.99,970.4,783.27,214603.39504203
2018-02-03,906.0,998.0,841.61,208364.60661402
2018-02-02,997.99,1029.95,726.43,585666.83767743
2018-02-01,1093.0,1143.0,930.0,341694.17082376
2018-01-31,1076.9,1121.03,1013.25,179921.59338236
2018-01-30,1150.54,1171.0,1025.0,238711.97238822
2018-01-29,1209.41,1221.74,1137.2,134352.46305329
2018-01-28,1108.0,1224.0,1081.05,183083.77630952
2018-01-27,1026.32,1119.0,1025.78,115183.39490828
2018-01-26,1054.03,1071.75,987.54,146124.86933939
2018-01-25,1033.28,1098.74,1014.88,173555.93776909
2018-01-24,1003.0,1051.94,952.0,157765.77623635
2018-01-23,987.99,1019.0,905.0,216450.71977161
2018-01-22,1014.99,1080.0,917.0,215556.51673917
2018-01-19,1022.51,1093.0,993.4,173858.27015257
2018-01-18,1005.0,1100.0,951.0,381271.97362115
2018-01-17,1036.0,1165.0,757.0,856272.68781505
2018-01-16,1303.28,1303.35,852.0,643591.49382289
2018-01-15,1347.6,1380.97,1281.1,127843.25011819
2018-01-14,1392.24,1393.12,1256.01,148745.43450666
2018-01-13,1245.0,1419.96,1241.27,198244.82106366
2018-01-12,1128.78,1285.0,1083.97,233329.93587302
2018-01-11,1243.04,1335.0,1100.0,400903.59000848
2018-01-10,1263.71,1386.99,1207.61,386627.60276359
2018-01-09,1138.01,1297.0,1110.0,275011.9642839
2018-01-08,1090.43,1228.99,950.0,389473.64941919
2018-01-07,1003.78,1098.87,1002.38,171075.62472466
2018-01-06,953.44,1009.11,950.0,130822.00561227
2018-01-05,948.04,1015.0,935.0,274448.10000892
2018-01-04,942.01,994.89,906.01,329734.25570918
2018-01-03,860.0,947.0,850.11,294571.21792264
2018-01-02,754.39,878.5,753.04,363103.15782267
2018-01-01,743.01,764.97,727.14,87316.1981034
2017-12-31,721.99,751.0,699.0,88932.46963428
2017-12-30,745.04,749.95,691.1,137216.11439744
2017-12-29,711.77,755.0,710.11,153760.5744247
2017-12-28,737.54,743.94,676.03,184002.21485272
2017-12-27,745.4,767.0,706.0,127176.57079401
2017-12-26,741.99,771.0,738.07,99971.04792676
2017-12-25,686.0,759.88,685.0,127699.45883727
2017-12-24,746.4,750.0,641.14,181552.44936413
2017-12-23,732.0,774.99,650.4,229032.46668192
2017-12-22,796.57,799.95,460.0,808884.98517222
2017-12-20,815.08,833.6,701.0,345239.94102972
2017-12-19,784.06,875.0,770.03,435664.30323069
2017-12-18,737.16,798.81,695.0,315732.44093923
2017-12-17,695.12,746.93,694.12,161888.15237115
2017-12-16,690.3,735.0,680.0,202953.661804
2017-12-15,697.41,706.0,618.0,314502.08730741
2017-12-14,704.06,758.61,660.83,432122.16802867
2017-12-13,649.2,784.77,606.0,871927.35719222
2017-12-12,481.99,649.2,481.5,877755.74511531
2017-12-11,445.21,487.34,440.44,219868.90720998
2017-12-10,482.02,488.04,438.0,210248.85628452
2017-12-09,464.74,535.1,450.0,546017.97755483
2017-12-07,432.06,448.89,415.01,338907.79002372
2017-12-06,459.19,461.99,425.01,333709.61834048
2017-12-05,465.7,470.0,451.56,154279.99144954
2017-12-04,465.8,473.0,449.4,137142.25106504
2017-12-03,461.27,483.61,450.0,165477.42116192
2017-12-02,461.88,474.96,451.21,166197.44541767
2017-12-01,436.01,468.43,421.57,200946.96723454
2017-11-30,442.71,470.0,401.5,360107.62563889
2017-11-29,469.48,518.13,402.11,499447.45597975
2017-11-28,478.32,483.0,463.6,179482.19075714
2017-11-27,473.66,492.99,462.1,230184.54840489
2017-11-26,470.52,477.65,451.81,202569.16516491
2017-11-25,462.69,488.0,456.0,292791.81871078
2017-11-24,423.8,469.5,401.0,322520.07978407
2017-11-23,378.79,428.6,376.04,320103.47884575
2017-11-22,358.5,379.75,358.0,115797.52514715
2017-11-21,371.68,372.99,350.5,204371.7173913
2017-11-20,358.71,373.75,354.2,119839.67406569
2017-11-19,348.42,374.7,344.0,217571.29607635
2017-11-18,332.53,348.43,328.22,96345.15146961
2017-11-17,330.16,334.3,326.46,101936.0125271
2017-11-16,329.35,334.8,321.91,125686.75254069
2017-11-15,333.33,340.84,326.0,135525.89647746
2017-11-14,314.66,336.91,314.4,208974.98268202
2017-11-13,305.62,319.94,297.67,188528.10589079
2017-11-12,305.62,319.94,297.67,188528.10589079
2017-11-11,301.61,319.94,297.67,124346.52112709
2017-11-10,318.49,325.12,291.3,161296.5635848
2017-11-09,310.55,329.47,307.01,165090.84916299
2017-11-08,292.0,319.89,290.27,226463.13181309
2017-11-07,298.51,304.0,287.0,151749.45030965
2017-11-06,296.65,304.9,292.0,86056.56273328
2017-11-05,300.19,302.0,295.95,55736.06123078
2017-11-04,303.78,306.8,295.0,67787.53621201
2017-11-03,285.24,308.06,282.7,121671.03866911
2017-11-02,307.13,307.38,296.01,85272.86525611
2017-11-01,307.13,307.38,296.01,85272.86525611
2017-10-31,305.49,309.94,305.0,58282.53448747
2017-10-30,305.15,309.69,301.03,45340.20043286
2017-10-29,294.14,310.0,294.12,64141.79944603
2017-10-28,296.89,299.95,293.81,45775.87997793
2017-10-27,296.89,299.95,293.81,45775.87997793
2017-10-26,296.88,299.95,293.81,47806.71190456
2017-10-25,296.86,300.97,288.05,74330.75987521
2017-10-24,284.7,311.7,280.3,175711.73930339
2017-10-23,294.51,295.35,275.46,126833.96320554
2017-10-22,300.68,306.55,291.81,63596.2284517
2017-10-21,303.02,305.0,291.38,117453.53141418
2017-10-20,309.76,311.53,302.0,93237.99049041
2017-10-19,312.88,316.21,305.34,84631.66687529
2017-10-18,311.01,317.77,287.4,168758.88223134
2017-10-17,336.46,336.5,311.01,113391.57713222
2017-10-16,337.0,350.0,330.84,141722.34162447
2017-10-15,343.52,343.96,320.0,110258.46929962
2017-10-14,337.91,347.0,332.46,83177.97042118
2017-10-13,304.48,345.0,298.29,277396.21504434
2017-10-12,301.76,307.0,300.3,108227.22736087
2017-10-11,296.9,305.0,296.0,75702.45182232
2017-10-10,296.77,305.0,290.23,88767.67627112
2017-10-09,308.63,309.32,285.88,145075.5605385
2017-10-08,312.98,313.6,308.62,45819.56656879
2017-10-07,304.76,314.62,304.57,76371.90035216
2017-10-06,296.99,305.0,294.21,85324.57500463
2017-10-05,291.99,296.99,286.44,43975.53860457
2017-10-04,291.61,295.0,289.62,43150.63664573
2017-10-03,296.15,299.0,287.65,59257.71143757
2017-10-02,302.88,303.5,293.73,63322.45751726
2017-10-01,301.57,303.0,295.75,41483.15517793
2017-09-30,291.89,304.69,290.32,63190.84908636
2017-09-29,301.57,302.95,278.0,164883.74221522
2017-09-28,309.99,311.57,298.1,99323.74432917
2017-09-27,289.0,312.75,288.25,117832.36643855
2017-09-26,294.87,295.48,286.0,64931.53914512
2017-09-25,287.44,296.7,282.17,92070.2355827
2017-09-24,282.55,294.89,276.23,95794.73655601
2017-09-23,262.25,285.55,260.02,76250.30609468
2017-09-22,260.21,272.0,254.01,124402.76197848
2017-09-21,288.28,288.56,252.55,214965.59238368
2017-09-20,283.59,293.71,278.04,103817.1251384
2017-09-19,294.91,301.0,275.25,172133.29730482
2017-09-18,262.48,303.78,259.04,299596.03086031
2017-09-17,256.33,272.0,240.15,124088.34538373
2017-09-16,263.01,278.0,247.1,199838.47547606
2017-09-15,230.59,270.0,202.25,690075.77242865
2017-09-14,279.0,280.75,221.3,494220.63617627
2017-09-13,296.9,296.9,256.41,328805.2684239
2017-09-12,298.69,316.19,286.0,191389.95011134
2017-09-11,304.52,307.97,288.0,135292.4366092
2017-09-10,304.69,306.69,285.0,119727.84856754
2017-09-09,309.59,314.05,294.0,106272.57512459
2017-09-08,335.72,336.49,292.71,289422.30739376
2017-09-07,337.5,340.0,323.26,105942.35121471
2017-09-06,322.0,345.0,319.0,204990.62219183
2017-09-05,320.5,324.0,290.0,316082.67854221
2017-09-04,351.25,353.15,285.0,450317.64689651
2017-09-03,342.45,372.0,342.44,142010.55864076
2017-09-02,390.96,393.76,333.0,289000.68735725
2017-09-01,388.78,396.88,386.98,161045.61888417
2017-08-31,385.85,389.97,381.2,119830.03196486
2017-08-30,374.73,392.0,368.3,165756.30740575
2017-08-29,347.25,374.89,346.99,169229.3218781
2017-08-28,341.19,349.99,336.35,126618.6652444
2017-08-27,331.79,342.0,330.0,82854.32975623
2017-08-26,331.25,334.51,325.1,60902.86522257
2017-08-25,324.75,336.99,323.03,118909.93269865
2017-08-24,317.37,328.0,316.0,77052.84654977
2017-08-23,316.69,324.61,312.52,104012.34526815
2017-08-22,320.85,329.97,292.0,206968.01689771
2017-08-21,297.62,344.34,295.27,303983.34871665
2017-08-20,293.5,297.73,289.5,53951.35952507
2017-08-19,294.68,298.7,287.0,71767.61641925
2017-08-18,301.8,306.09,287.0,128861.82360534
2017-08-17,299.8,309.41,298.0,118480.61213367
2017-08-16,285.0,303.9,280.0,126751.94420727
2017-08-15,298.14,299.7,267.0,212344.27618304
2017-08-14,297.0,309.35,294.96,116787.44283287
2017-08-13,307.5,311.48,287.0,199121.95189603
2017-08-12,307.98,319.7,303.61,187338.55296706
2017-08-11,302.21,307.99,295.79,118449.97063438
2017-08-10,292.76,309.8,288.34,159681.37449167
2017-08-09,295.99,314.71,276.55,469323.87145554
2017-08-08,268.41,299.45,267.0,261735.85226431
2017-08-07,270.05,274.81,257.1,174664.24300864
2017-08-06,247.18,273.0,246.0,233240.37255001
2017-08-05,221.69,258.98,219.54,314869.35576673
2017-08-04,223.85,226.82,219.51,101125.68797708
2017-08-03,217.11,227.53,216.75,111836.60720516
2017-08-02,223.72,228.8,215.37,156894.25419886
2017-08-01,200.12,232.73,199.3,430116.50174682
2017-07-31,197.78,201.98,190.78,118080.72243726
2017-07-30,200.08,209.9,194.93,83388.90934771
2017-07-29,191.24,193.0,179.0,94186.94922355
2017-07-28,204.56,204.56,189.34,134103.94288718
2017-07-27,201.14,205.0,198.85,101701.25638226
2017-07-26,199.0,209.89,193.4,223734.34508937
2017-07-25,226.35,226.59,193.0,348372.49112041
2017-07-24,226.63,229.99,224.0,79079.70131344
2017-07-23,233.23,234.35,221.2,121628.67163617
2017-07-22,218.5,237.67,214.52,176424.11178773
2017-07-21,221.94,238.0,208.5,318967.99033072
2017-07-20,192.78,237.0,186.01,614630.00125657
2017-07-19,224.0,243.9,190.1,782030.40583978
2017-07-18,187.27,249.4,176.51,873859.2655797
2017-07-17,156.29,188.88,151.55,602085.31844611
2017-07-16,174.18,176.0,130.26,618543.5642006
2017-07-15,194.62,200.99,173.5,252198.24887834
2017-07-14,205.7,207.43,183.12,198856.01410911
2017-07-13,221.47,227.0,193.07,231165.11658517
2017-07-12,194.41,228.88,181.0,418262.33760494
2017-07-11,204.89,216.5,175.56,633945.51714619
2017-07-10,241.86,241.86,203.36,287166.70769852
2017-07-09,241.55,253.31,240.31,68511.25754975
2017-07-08,236.78,249.5,231.25,145253.48976108
2017-07-07,265.73,267.74,235.01,166952.69390031
2017-07-06,266.77,275.0,261.59,89262.86748296
2017-07-05,269.35,274.97,252.67,165281.03567175
2017-07-04,277.0,282.83,265.0,108850.37460917
2017-07-03,286.17,290.0,273.07,129253.54717917
2017-07-02,263.84,293.73,255.7,192701.82387524
2017-07-01,270.78,282.99,253.23,188046.10969202
2017-06-30,298.03,306.5,270.51,228290.85421177
2017-06-29,316.46,322.9,286.22,203814.42840193
2017-06-28,281.53,323.69,260.11,431620.06476933
2017-06-27,247.9,279.3,211.0,465235.3898961
2017-06-26,271.39,293.0,206.5,545827.17514764
2017-06-25,304.06,312.0,251.3,255312.37073383
2017-06-24,326.95,330.7,295.55,126810.1071337
2017-06-23,318.28,332.95,316.66,80665.83069035
2017-06-22,301.98,336.68,290.0,171422.56619435
2017-06-21,351.17,352.0,0.1,425321.85710003
2017-06-20,356.48,365.79,325.0,200729.81099844
2017-06-19,349.25,362.5,346.88,104498.03811592
2017-06-18,367.98,381.66,340.11,159344.76189235
2017-06-17,350.0,368.86,341.65,141934.84812809
2017-06-16,341.29,364.0,314.0,269593.51730033
2017-06-15,334.03,356.29,253.0,750730.58014359
2017-06-14,378.97,394.47,315.0,363943.1912571
2017-06-13,379.1,400.0,359.75,284086.26442289
2017-06-12,347.73,420.0,306.11,524166.84312938
2017-06-11,341.3,358.46,317.05,294732.52521222
2017-06-10,277.12,344.14,276.5,380624.19012022
2017-06-09,258.11,278.05,255.82,185388.48280525
2017-06-08,254.18,261.0,250.0,145108.0571147
2017-06-07,262.7,265.63,244.98,215987.66522561
2017-06-06,248.05,269.36,247.0,316637.41241249
2017-06-05,247.46,248.98,241.2,151954.1304404
2017-06-04,224.57,249.04,223.0,206695.15647651
2017-06-03,220.51,227.5,218.56,111031.52313807
2017-06-02,220.85,229.75,216.5,166934.36529693
2017-06-01,228.62,238.97,206.02,346651.75743324
2017-05-31,225.0,234.76,215.42,376270.27691156
2017-05-30,196.98,227.49,185.0,427307.64387154
2017-05-29,175.56,199.0,167.0,213042.53674947
2017-05-28,156.29,185.0,154.03,239410.19631674
2017-05-27,165.0,172.0,115.67,484816.20979996
2017-05-26,191.2,199.99,140.0,438948.38969525
2017-05-25,196.5,217.85,162.04,471891.22602231
2017-05-24,169.2,202.0,167.7,361476.69135298
2017-05-23,141.78,177.9,131.22,322063.26720378
2017-05-22,145.8,184.22,144.07,600731.0625551
2017-05-21,125.54,146.76,122.0,314391.33651215
2017-05-20,126.01,129.34,121.0,215402.07838997
2017-05-19,94.84,129.98,94.76,466552.79834412
2017-05-18,86.18,95.84,86.0,170699.54191806
2017-05-17,88.4,89.98,82.5,151147.72808762
2017-05-16,90.36,92.3,87.08,127305.82528324
2017-05-15,89.49,94.7,89.21,129344.11917707
2017-05-14,88.2,89.94,87.13,55074.13044671
2017-05-13,86.39,88.46,82.0,90963.39252337
2017-05-12,88.21,90.3,82.2,132241.11154529
2017-05-11,87.64,90.99,87.01,117647.9375847
2017-05-10,88.2,91.98,85.23,149906.05227957
2017-05-09,90.54,90.64,75.89,269929.07367039
2017-05-08,92.11,95.49,85.1,231135.00128512
2017-05-07,94.9,97.95,91.21,127222.13788653
2017-05-06,94.07,96.0,91.29,112364.27502355
2017-05-05,95.92,98.98,89.0,259972.28302767
2017-05-04,80.96,95.94,80.31,341507.93520909
2017-05-03,77.76,80.99,75.89,218424.56990901
2017-05-02,78.56,83.07,75.54,208238.20294367
2017-05-01,79.0,85.21,72.24,428589.63974174
2017-04-30,70.8,82.9,70.0,265552.22773675
2017-04-29,70.82,74.9,68.24,271029.46560326
2017-04-28,62.84,71.63,62.5,416726.41251165
2017-04-27,53.33,63.99,52.66,300773.12573914
2017-04-26,50.37,54.85,50.25,184251.32699327
2017-04-25,50.18,50.75,50.0,76675.15256471
2017-04-24,48.83,50.44,48.8,86969.47283775
2017-04-23,48.66,48.99,48.25,53581.40701351
2017-04-22,48.81,49.08,48.22,63644.63194835
2017-04-21,49.31,49.49,48.61,72965.30688274
2017-04-20,49.5,49.51,47.25,113244.82775268
2017-04-19,49.85,50.32,49.37,83191.06610172
2017-04-18,47.5,49.93,47.5,82911.20852899
2017-04-17,47.97,48.3,47.5,54200.13146674
2017-04-16,74.98,74.98,47.2,41074.98963806
2017-04-14,49.44,50.22,46.52,88640.4921155
2017-04-13,46.57,51.11,46.17,171696.40535645
2017-04-12,43.8,47.88,43.58,122054.06784733
2017-04-11,43.88,44.5,43.51,55833.44735079
2017-04-10,43.97,44.65,42.72,67493.01174997
2017-04-09,44.6,44.84,42.72,56713.92698273
2017-04-08,42.45,45.5,42.3,80412.95666105
2017-04-07,43.05,44.64,41.57,107650.70182608
2017-04-06,45.28,45.97,41.1,173048.88853506
2017-04-05,43.86,47.63,43.8,152083.08036126
2017-04-04,43.15,46.25,41.45,235925.03195562
2017-04-03,49.1,49.15,42.39,306171.52925344
2017-04-02,50.73,51.19,48.14,148373.87272423
2017-04-01,49.51,51.85,48.85,97198.26605186
2017-03-31,52.03,52.41,46.98,243236.29997839
2017-03-30,52.8,53.34,51.52,135444.90281991
2017-03-29,50.34,53.97,50.0,242067.67843955
2017-03-28,49.16,50.44,48.28,158176.13868812
2017-03-27,50.64,51.71,48.4,159057.2023242
2017-03-26,50.08,51.5,48.51,155732.65587859
2017-03-25,51.45,53.44,47.29,369590.86268369
2017-03-24,43.44,51.48,42.5,354963.18500447
2017-03-23,40.84,43.97,40.33,174740.4510978
2017-03-22,42.39,42.7,38.26,212094.71586445
2017-03-21,42.71,43.68,40.86,170260.59799119
2017-03-19,32.26,45.64,30.7,489322.42038871
2017-03-18,44.69,45.88,31.25,535619.28919739
2017-03-17,46.04,57.67,35.04,723311.50587373
2017-03-16,34.25,47.03,34.09,747055.65315622
2017-03-15,28.77,34.89,28.49,383509.80521193
2017-03-14,28.44,30.0,27.16,228153.64497554
2017-03-13,23.27,31.1,23.23,623566.2772087
2017-03-12,19.05,21.89,18.91,228838.82986844
2017-03-11,17.82,19.7,17.01,309447.25676125
2017-03-10,16.61,18.29,16.2,182163.60801265
2017-03-09,18.89,18.96,16.61,280606.11087977
2017-03-08,19.68,19.77,18.59,156671.05456249
2017-03-07,19.38,20.24,19.17,141864.35373665
2017-03-06,18.65,19.45,18.18,128022.13196749
2017-03-05,19.58,20.4,18.65,150890.03952055
2017-03-04,19.27,21.49,18.2,418296.48180869
2017-03-03,17.49,19.99,16.88,353325.69559411
2017-03-02,15.83,17.58,15.68,251945.75201409
2017-02-28,14.75,16.32,14.37,227998.54378059
2017-02-27,13.63,14.84,13.4,100646.89753012
2017-02-26,13.16,13.87,13.06,96837.20849802
2017-02-25,13.22,13.33,12.81,141654.74543577
2017-02-24,12.74,13.37,12.73,101645.2415701
2017-02-23,12.85,12.99,12.68,81628.36132907
2017-02-22,12.59,12.87,12.3,99350.86250616
2017-02-21,12.9,12.95,12.56,70696.13901469
2017-02-20,12.87,12.95,12.79,34815.25412059
2017-02-19,12.77,12.93,12.77,45730.92082413
2017-02-18,12.92,12.95,12.71,90714.24317995
2017-02-17,12.98,13.03,12.62,89348.20727242
2017-02-16,13.16,13.2,12.66,117726.37515449
2017-02-15,11.42,14.7,11.39,260909.50032083
2017-02-14,11.5,11.54,11.21,50128.13367266
2017-02-13,11.51,11.54,11.4,23335.42637133
2017-02-12,11.42,11.52,11.34,35293.99230547
2017-02-11,11.02,11.48,10.88,69289.46315576
2017-02-10,11.4,11.54,10.61,118356.17173816
2017-02-09,11.51,11.65,11.15,88043.86566488
2017-02-08,11.33,11.59,11.29,57389.00980311
2017-02-07,11.27,11.42,11.22,47726.3447215
2017-02-06,11.39,11.44,11.15,39563.95306944
2017-02-05,10.98,11.45,10.98,89625.18489355
2017-02-04,10.82,10.99,10.67,49708.51833319
2017-02-03,10.71,10.86,10.62,48581.70276323
2017-02-02,10.71,10.86,10.51,58398.80673664
2017-02-01,10.6,10.79,10.58,40497.42378467
2017-01-31,10.5,10.71,10.37,42022.08104909
2017-01-30,10.58,10.58,10.46,19237.12895493
2017-01-29,10.55,10.58,10.47,26322.92714156
2017-01-28,10.61,10.64,10.42,45845.48034511
2017-01-27,10.54,10.67,10.5,43444.18171844
2017-01-26,10.57,10.66,10.43,41045.88754223
2017-01-25,10.78,10.92,10.51,54923.80019014
2017-01-24,10.77,10.85,10.65,35594.52515161
2017-01-23,10.93,11.07,10.66,49893.01076167
2017-01-22,10.65,11.06,10.58,60044.83210136
2017-01-21,10.46,10.81,10.42,59455.01891867
2017-01-20,10.25,10.5,10.18,47611.24661444
2017-01-19,10.33,10.51,9.99,62955.27909693
2017-01-18,9.66,10.53,9.65,70391.9885457
2017-01-17,9.91,10.23,9.56,63109.15135822
2017-01-16,9.86,10.05,9.8,27754.14426025
2017-01-15,9.86,9.94,9.69,37283.35356003
2017-01-14,9.82,9.91,9.51,77394.58240566
2017-01-13,9.8,10.17,9.12,79647.24561381
2017-01-12,10.62,10.84,9.47,144124.42662446
2017-01-11,10.44,10.75,10.34,55082.01700617
2017-01-10,10.5,10.94,10.23,71553.25560965
2017-01-09,9.92,10.58,9.89,62884.84447958
2017-01-08,10.14,10.21,9.55,68177.88241145
2017-01-07,10.24,10.46,9.52,139555.99487529
2017-01-06,11.15,11.8,9.08,317417.75037146
2017-01-05,9.62,11.17,9.34,250382.35266445
2017-01-04,8.38,10.02,8.24,193117.5929317
2017-01-03,8.19,8.53,8.05,70450.37863029
2017-01-02,8.15,8.6,8.08,59572.54321094
2017-01-01,8.2,8.29,8.0,43424.9476703
2016-12-31,8.29,8.52,8.01,66121.23918059
2016-12-30,7.65,8.53,7.6,152445.66075647
2016-12-29,7.16,7.72,7.05,98400.42626663
2016-12-28,7.23,7.37,7.05,45359.91499335
2016-12-27,7.18,7.33,7.02,26970.32002986
2016-12-26,7.24,7.34,7.12,26438.83510247
2016-12-25,7.11,7.46,7.08,29870.84143248
2016-12-24,7.54,7.67,7.01,95561.32520549
2016-12-23,7.91,7.95,7.5,86895.17310973
2016-12-22,7.64,7.97,7.64,46310.30741928
2016-12-21,7.62,7.77,7.55,28597.71519842
2016-12-20,7.92,7.95,7.57,41346.32592096
2016-12-19,7.8,7.97,7.69,21241.08083959
2016-12-18,7.86,7.93,7.51,37374.93342
2016-12-17,7.87,7.95,7.77,33660.75552742
2016-12-16,8.24,8.32,7.64,74786.15309022
2016-12-15,8.4,8.48,8.19,34073.30998726
2016-12-14,8.53,8.57,8.35,37242.66222809
2016-12-13,8.24,8.62,8.18,44449.73145029
2016-12-12,8.16,8.26,8.11,22173.21442344
2016-12-11,8.46,8.55,8.04,44652.29563691
2016-12-10,8.2,8.65,7.97,60516.06116836
2016-12-09,8.38,8.95,8.2,69293.72531147
2016-12-08,7.83,8.6,7.33,91022.39199888
2016-12-07,6.76,7.99,5.81,169661.67450682
2016-12-06,7.37,7.58,6.56,93647.81705137
2016-12-05,7.86,7.92,7.35,44955.46838461
2016-12-04,7.74,8.12,7.34,57901.27746199
2016-12-03,8.46,8.46,7.27,118383.25313796
2016-12-02,8.6,8.68,8.3,42187.39620797
2016-12-01,8.14,8.75,8.14,57449.32343109
2016-11-30,8.68,8.72,7.79,84722.26962246
2016-11-29,8.98,9.0,8.63,46608.57178503
2016-11-28,9.33,9.33,8.66,62039.50658924
2016-11-27,9.42,9.48,9.26,17875.33366307
2016-11-26,9.19,9.74,9.16,21992.7200396
2016-11-25,9.8,9.82,8.68,67233.11391859
2016-11-24,9.85,9.93,9.73,21427.20552124
2016-11-23,9.49,10.21,9.49,38033.8950779
2016-11-22,9.58,9.65,9.41,29089.52841982
2016-11-21,9.69,9.78,9.52,25182.74029388
2016-11-20,9.51,9.78,9.45,25496.19991913
2016-11-19,9.9,9.97,9.45,55819.74097787
2016-11-18,10.01,10.13,9.8,48638.62623181
2016-11-17,10.27,10.42,9.82,42901.6167258
2016-11-16,10.0,10.3,9.81,30108.87493255
2016-11-15,10.09,10.19,9.93,29730.40821226
2016-11-14,9.93,10.41,9.82,26756.73158074
2016-11-13,10.29,10.34,9.65,46388.64218957
2016-11-12,10.51,10.72,10.16,44521.34534712
2016-11-11,10.64,10.68,10.44,26510.99928124
2016-11-10,10.84,10.86,10.28,73155.2243969
2016-11-09,10.93,11.01,10.81,41445.93379279
2016-11-08,11.01,11.06,10.9,28121.134236
2016-11-06,11.14,11.2,10.92,20349.27190002
2016-11-05,11.13,11.24,11.01,22302.14707712
2016-11-04,10.93,11.13,10.8,34890.66726539
2016-11-03,10.88,11.14,10.77,50937.30904369
2016-11-02,10.76,11.17,10.6,40192.7469517
2016-11-01,11.1,11.24,10.35,71226.48240252
2016-10-31,11.3,11.44,10.85,35217.11184839
2016-10-30,10.37,11.45,10.35,43466.20188443
2016-10-29,11.11,11.35,9.52,87712.24460843
2016-10-28,11.43,11.63,10.93,50225.61490004
2016-10-27,11.5,11.57,11.22,43418.07830162
2016-10-26,11.36,11.7,11.16,43009.52455371
2016-10-25,11.9,11.95,11.05,72477.78803948
2016-10-24,11.93,11.99,11.89,22427.02106274
2016-10-23,12.04,12.06,11.87,20492.53343863
2016-10-22,12.06,12.14,11.87,25886.32717244
2016-10-21,12.06,12.13,11.96,19427.26102151
2016-10-20,11.97,12.26,11.92,31058.12885616
2016-10-19,12.52,12.65,11.88,38513.9332034
2016-10-18,11.97,12.94,11.91,46714.92268224
2016-10-17,11.97,11.99,11.83,30090.55252026
2016-10-16,11.9,12.05,11.96,14189.2389946
2016-10-15,11.78,11.97,11.91,21325.8737376
2016-10-14,11.84,12.07,11.88,36671.1233365
2016-10-13,11.72,12.11,11.92,33573.9447571
2016-10-12,11.68,12.11,11.77,35966.2068025
2016-10-11,11.7,12.24,11.78,37428.6284742
2016-10-10,11.62,12.18,12.1,48881.8529596
2016-10-09,12.02,12.43,12.22,24643.2712019
2016-10-08,12.06,12.74,12.7,33575.1655344
2016-10-07,12.5,13.08,12.88,53435.176243
2016-10-06,12.68,13.18,13.09,48476.0806679
2016-10-05,13.08,13.45,13.34,36972.427553
2016-10-04,13.24,13.58,13.52,54546.9941564
2016-10-03,13.25,13.56,13.29,36084.4048446
2016-10-02,13.19,13.31,13.23,20487.3243321
2016-10-01,13.09,13.31,13.23,32857.1225003
2016-09-30,13.08,13.39,13.11,33018.430067
2016-09-29,13.1,13.39,13.31,36907.1625569
2016-09-28,13.09,13.58,13.09,43267.6594313
2016-09-27,12.85,13.25,12.85,28030.7584356
2016-09-26,12.83,13.15,13.14,23612.3751581
2016-09-25,12.8,13.18,12.96,19609.3027234
2016-09-24,12.62,13.41,13.37,36744.5162371
2016-09-23,13.14,13.45,13.21,25435.9313105
2016-09-22,12.33,13.77,13.77,69158.5109468
2016-09-21,13.16,15.2,14.98,86878.3133999
2016-09-20,13.1,15.25,13.18,103258.244147
2016-09-19,12.61,13.2,12.64,37963.901281
2016-09-18,12.33,12.98,12.8,55642.6741285
2016-09-17,12.41,12.99,12.58,33762.6769117
2016-09-16,11.86,12.76,11.95,56290.9630199
2016-09-15,11.91,12.1,11.91,23164.4146583
2016-09-14,11.8,12.03,11.92,24242.3365898
2016-09-13,11.84,12.08,11.87,29477.7375632
2016-09-12,11.64,11.95,11.64,20983.2393788
2016-09-11,11.6,12.21,12.2,25284.1928829
2016-09-10,11.55,12.21,11.64,20050.6741184
2016-09-09,11.34,11.69,11.39,21564.6954045
2016-09-08,11.31,11.7,11.55,31912.5814352
2016-09-07,11.53,11.9,11.75,33512.3686309
2016-09-06,11.5,11.76,11.75,27155.2325995
2016-09-05,11.62,11.84,11.77,14082.0128362
2016-09-04,11.54,11.88,11.84,19087.2543147
2016-09-03,11.6,12.47,12.15,37685.4071003
2016-09-02,11.95,12.35,12.04,40624.9526007
2016-09-01,11.57,12.5,11.66,86923.5362304
2016-08-31,11.09,11.7,11.21,37764.8503505
2016-08-30,10.95,11.25,10.95,26085.3642301
2016-08-29,10.8,11.16,11.01,31692.2842037
2016-08-28,10.97,11.06,11.02,2208.53908274
2016-08-27,11.17,11.28,11.27,19819.1825905
2016-08-26,11.2,11.47,11.34,27315.0763068
2016-08-25,10.99,11.35,11.01,28931.9602996
2016-08-24,10.98,11.16,11.0,24028.1126264
2016-08-23,10.85,11.2,11.1,32543.6762342
2016-08-22,11.04,11.11,11.07,943.50541468
2016-08-21,11.32,11.32,10.98,17941.4409133
2016-08-20,10.72,11.37,10.7,35430.99935869
2016-08-19,10.79,10.86,10.65,29063.35419567
2016-08-18,10.78,11.06,10.76,36858.97264423
2016-08-17,11.18,11.26,10.69,39561.6766393
2016-08-16,11.21,11.49,11.0,51852.35607119
2016-08-15,11.25,11.52,11.02,31770.75385917
2016-08-14,11.59,11.76,11.2,26491.10147073
2016-08-13,11.82,11.86,11.54,27932.98166253
2016-08-12,11.72,12.08,11.65,30343.92638817
2016-08-11,12.2,12.39,11.6,55827.55995576
2016-08-10,12.36,12.91,11.87,149109.32550371
2016-08-09,11.31,12.48,11.24,83601.64864895
2016-08-08,11.07,11.31,10.94,29172.52753291
2016-08-07,10.95,11.25,10.84,30519.61649174
2016-08-04,10.49,11.55,10.4,106965.49354812
2016-08-03,9.26,10.79,8.91,214505.05675517
2016-08-02,11.2,11.31,6.68,197051.73867017
2016-07-29,12.96,12.98,12.57,54835.49419429
2016-07-28,13.2,13.23,12.53,68443.34617779
2016-07-27,12.14,13.4,11.75,117775.22444971
2016-07-26,13.71,14.01,11.92,163249.82272697
2016-07-25,12.51,13.82,12.4,94761.62225338
2016-07-24,14.53,14.62,12.05,141117.43799115
2016-07-23,14.76,15.39,14.0,125229.74671283
2016-07-22,12.88,15.0,12.73,190755.94297072
2016-07-21,12.57,13.09,12.1,69634.02405837
2016-07-20,11.75,13.0,11.22,37950.13207972
2016-07-19,11.05,11.98,11.03,7909.3321274
2016-07-18,11.35,11.93,11.0,15133.75203913
2016-07-17,11.95,11.95,11.02,11702.04546171
2016-07-16,12.18,12.4,11.8,8740.28855716
2016-07-15,11.5,12.75,11.36,25068.59864852
2016-07-14,10.49,11.78,10.33,23299.89199808
2016-07-13,10.55,10.65,10.49,5537.81953718
2016-07-12,10.6,10.98,10.5,14453.81245707
2016-07-11,10.95,11.16,10.11,10570.61692847
2016-07-10,11.04,11.3,10.9,9691.85394831
2016-07-09,11.35,11.57,10.68,9673.00763474
2016-07-08,10.02,11.8,10.02,27419.14751296
2016-07-07,10.6,10.7,9.75,20924.28607251
2016-07-06,10.4,11.0,10.24,14799.68864997
2016-07-05,11.43,11.48,9.31,34238.15201603
2016-07-04,11.9,12.04,11.41,5421.19475737
2016-07-03,12.15,12.16,11.65,12037.33588116
2016-07-02,12.3,12.45,12.0,11585.39487956
2016-07-01,12.48,12.54,11.8,19271.32937292
2016-06-30,12.94,13.13,12.19,15641.48397009
2016-06-29,12.11,13.0,11.62,23284.03947567
2016-06-28,14.26,14.34,11.52,42119.73413872
2016-06-27,14.01,14.59,13.6,11577.61264297
2016-06-26,14.34,14.49,13.75,5759.18741515
2016-06-25,14.53,14.74,14.0,10703.96230979
2016-06-24,13.62,14.8,13.25,33681.06315905
2016-06-23,13.16,14.5,12.68,35964.13777977
2016-06-22,12.54,15.89,12.54,67879.51613917
2016-06-21,11.88,12.76,11.2,32040.19270969
2016-06-20,12.45,12.76,10.8,32566.47482462
2016-06-19,11.58,13.4,10.72,30557.25421631
2016-06-18,15.1,15.75,10.0,81837.26638801
2016-06-17,21.13,22.0,13.75,120270.75948792
2016-06-16,18.51,21.35,18.42,33482.81562407
2016-06-15,18.8,18.81,17.89,14577.06440909
2016-06-14,17.77,19.08,16.96,35026.23812226
2016-06-13,15.55,17.92,15.49,24101.34369404
2016-06-12,14.05,15.57,13.92,20138.61066251
2016-06-11,13.96,14.29,13.86,7713.33725065
2016-06-10,14.63,14.74,13.76,17284.6498262
2016-06-09,14.61,14.85,14.55,8584.58365695
2016-06-08,14.66,14.87,14.4,12107.85061777
2016-06-07,14.1,14.69,13.97,12658.73478707
2016-06-06,14.03,14.3,13.83,5033.27166195
2016-06-05,13.9,14.06,13.8,2080.77439363
2016-06-04,13.81,14.03,13.56,6210.92860336
2016-06-03,14.13,14.13,13.49,12972.03736155
2016-06-02,14.0,14.18,13.76,8225.89851482
2016-06-01,14.01,14.45,13.5,10327.81996344
2016-05-31,12.86,14.24,12.37,5686.86327333
2016-05-30,12.42,12.88,12.0,4165.77365672
2016-05-29,11.88,12.49,11.46,3518.99766397
2016-05-28,11.09,12.44,10.7,15891.81539323
2016-05-27,12.47,12.78,10.25,18948.83341061
2016-05-26,12.61,12.95,12.15,3419.5488462
