,Date,Open*,High,Low,Close**,Volume,Market Cap
0,"May 26, 2018",587.43,606.17,583.51,587.28,1694300000,58546400000
1,"May 25, 2018",602.14,617.19,575.62,586.73,2110920000,60000400000
2,"May 24, 2018",584.54,610.82,557.21,601.75,2791100000,58234400000
3,"May 23, 2018",646.67,651.64,572.95,583.59,2995430000,64411000000
4,"May 22, 2018",700.18,700.98,644.03,647.74,2230470000,69726300000
5,"May 21, 2018",717.19,719.28,692.49,699.22,2005170000,71405800000
6,"May 20, 2018",697.92,723.75,692.67,715.37,2156910000,69472800000
7,"May 19, 2018",695.07,715.58,686.79,696.53,2021550000,69174600000
8,"May 18, 2018",672.1,695.03,663.81,694.37,2305740000,66874700000
9,"May 17, 2018",708.72,718.83,668.83,672.66,2350620000,70503400000
10,"May 16, 2018",708.09,710.2,682.54,707.05,2476130000,70426200000
11,"May 15, 2018",731.14,739.05,701.0,708.87,2523070000,72704300000
12,"May 14, 2018",732.73,742.17,695.79,730.55,3005110000,72847500000
13,"May 13, 2018",687.17,741.31,675.32,733.5,2362500000,68304000000
14,"May 12, 2018",679.88,691.41,644.07,686.05,2668480000,67564600000
15,"May 11, 2018",727.01,736.98,669.83,679.59,3290080000,72233800000
16,"May 10, 2018",752.58,766.75,726.66,727.28,2748950000,74758700000
17,"May 09, 2018",752.9,759.53,718.47,752.27,2877870000,74775300000
18,"May 08, 2018",755.01,774.25,728.13,752.86,2920490000,74969200000
19,"May 07, 2018",793.34,795.76,710.18,753.73,4316120000,78758700000
20,"May 06, 2018",816.09,835.06,764.88,792.31,3105570000,81000200000
21,"May 05, 2018",784.58,827.46,784.24,816.12,3035040000,77857000000
22,"May 04, 2018",776.77,803.75,762.63,785.62,3533410000,77066200000
23,"May 03, 2018",686.59,784.34,686.59,779.54,4210940000,68104600000
24,"May 02, 2018",674.08,688.84,667.42,687.15,2822270000,66849100000
25,"May 01, 2018",670.46,674.4,637.54,673.61,2678960000,66477200000
26,"Apr 30, 2018",689.76,694.44,666.12,669.92,2853100000,68376400000
27,"Apr 29, 2018",683.91,697.76,670.51,688.88,2740560000,67782400000
28,"Apr 28, 2018",644.65,691.44,644.65,683.68,2496660000,63877700000
29,"Apr 27, 2018",662.11,684.87,647.03,647.03,2598130000,65594600000
30,"Apr 26, 2018",618.08,663.18,604.01,662.81,2984010000,61219700000
31,"Apr 25, 2018",707.06,707.06,600.21,615.42,4216140000,70018900000
32,"Apr 24, 2018",643.4,708.88,643.4,708.16,3581860000,63701200000
33,"Apr 23, 2018",621.2,646.7,621.03,642.55,2386830000,61490600000
34,"Apr 22, 2018",606.12,640.77,593.87,621.86,2426270000,59985500000
35,"Apr 21, 2018",616.0,621.89,578.55,605.39,2612460000,60951100000
36,"Apr 20, 2018",567.99,618.72,560.28,615.72,2849470000,56188700000
37,"Apr 19, 2018",524.04,567.89,523.26,567.89,2256870000,51829900000
38,"Apr 18, 2018",503.31,525.09,503.05,524.79,1762940000,49769600000
39,"Apr 17, 2018",511.14,518.03,502.56,502.89,1760360000,50534000000
40,"Apr 16, 2018",532.07,534.2,500.25,511.15,1758980000,52592200000
41,"Apr 15, 2018",502.88,531.7,502.88,531.7,1726090000,49696300000
42,"Apr 14, 2018",492.58,512.02,488.28,501.48,1519080000,48668400000
43,"Apr 13, 2018",493.16,526.47,482.66,492.74,2419250000,48715400000
44,"Apr 12, 2018",430.16,493.06,417.41,492.94,2519360000,42483600000
45,"Apr 11, 2018",415.02,430.54,412.47,430.54,1439040000,40980200000
46,"Apr 10, 2018",399.41,415.89,393.88,414.24,1196000000,39430400000
47,"Apr 09, 2018",400.86,429.25,390.61,398.53,1478390000,39565100000
48,"Apr 08, 2018",385.74,402.59,385.6,400.51,948488000,38065400000
49,"Apr 07, 2018",370.38,393.06,369.94,385.31,951475000,36541900000
50,"Apr 06, 2018",382.73,385.19,366.91,370.29,967106000,37752600000
51,"Apr 05, 2018",379.95,387.72,369.82,383.23,1210680000,37470200000
52,"Apr 04, 2018",416.49,417.47,375.31,380.54,1287730000,41065100000
53,"Apr 03, 2018",387.31,418.97,383.53,416.89,1363400000,38180800000
54,"Apr 02, 2018",379.7,395.17,377.59,386.43,1102260000,37422500000
55,"Apr 01, 2018",397.25,400.53,363.81,379.61,1256930000,39144700000
56,"Mar 31, 2018",395.0,418.47,392.95,396.46,1323920000,38914900000
57,"Mar 30, 2018",385.9,409.93,368.63,394.64,1878130000,38010600000
58,"Mar 29, 2018",448.07,450.81,385.81,385.97,1970230000,44125000000
59,"Mar 28, 2018",450.29,466.21,444.86,446.28,1514180000,44334000000
60,"Mar 27, 2018",489.59,491.46,449.97,450.12,1617940000,48193300000
61,"Mar 26, 2018",524.29,526.38,470.44,489.95,1638880000,51598000000
62,"Mar 25, 2018",522.7,535.82,515.66,524.29,1151170000,51431600000
63,"Mar 24, 2018",542.57,545.38,526.08,526.44,1300010000,53375400000
64,"Mar 23, 2018",539.86,540.49,512.13,539.62,1596350000,53098100000
65,"Mar 22, 2018",562.1,577.57,523.09,539.7,1523460000,55273800000
66,"Mar 21, 2018",559.1,589.61,550.57,561.73,1781270000,54967300000
67,"Mar 20, 2018",556.72,567.09,521.2,557.17,1833680000,54722100000
68,"Mar 19, 2018",546.63,558.1,519.12,556.73,2046790000,53718600000
69,"Mar 18, 2018",551.64,551.64,460.09,538.64,2685500000,54200100000
70,"Mar 17, 2018",601.68,609.15,549.1,552.78,1267810000,59104200000
71,"Mar 16, 2018",611.78,623.17,587.86,601.67,1417350000,60083700000
72,"Mar 15, 2018",614.84,620.62,579.5,611.3,1770460000,60371800000
73,"Mar 14, 2018",691.22,702.78,594.1,614.29,1810560000,67857600000
74,"Mar 13, 2018",698.15,713.74,682.35,690.83,1425960000,68524000000
75,"Mar 12, 2018",724.41,742.51,683.27,699.83,1765000000,71086000000
76,"Mar 11, 2018",685.31,735.83,668.12,723.34,1562680000,67235700000
77,"Mar 10, 2018",730.16,748.03,682.7,686.89,1532960000,71620700000
78,"Mar 09, 2018",702.2,729.16,648.11,728.92,2233020000,68863600000
79,"Mar 08, 2018",752.57,773.77,696.17,704.6,1891640000,73788400000
80,"Mar 07, 2018",816.27,825.61,726.55,752.83,2175420000,80017300000
81,"Mar 06, 2018",853.82,853.82,809.93,816.95,1943070000,83680400000
82,"Mar 05, 2018",866.85,869.92,853.52,853.68,1898490000,84939700000
83,"Mar 04, 2018",856.19,867.95,840.28,866.68,1697940000,83877800000
84,"Mar 03, 2018",856.71,868.45,855.21,857.23,1699370000,83911700000
85,"Mar 02, 2018",871.76,876.38,852.42,856.85,1894420000,85368100000
86,"Mar 01, 2018",856.01,880.3,851.92,872.2,1868520000,83808200000
87,"Feb 28, 2018",877.93,890.11,855.12,855.2,1963980000,85936400000
88,"Feb 27, 2018",870.37,896.26,867.1,878.26,2053980000,85177800000
89,"Feb 26, 2018",845.28,880.39,842.32,869.32,2044480000,82705400000
90,"Feb 25, 2018",839.46,853.15,822.38,844.81,1646960000,82119100000
91,"Feb 24, 2018",861.59,879.53,818.55,840.51,1926580000,84266700000
92,"Feb 23, 2018",811.59,886.32,794.79,864.19,2334820000,79358900000
93,"Feb 22, 2018",849.26,875.93,802.67,812.85,2150370000,83025800000
94,"Feb 21, 2018",894.13,912.38,830.56,849.97,2531730000,87394200000
95,"Feb 20, 2018",943.57,965.26,892.95,895.37,2545260000,92206500000
96,"Feb 19, 2018",921.67,957.78,921.55,943.87,2169020000,90047700000
97,"Feb 18, 2018",973.35,982.93,915.45,923.92,2567290000,95077100000
98,"Feb 17, 2018",944.75,976.6,940.75,974.12,2525720000,92264000000
99,"Feb 16, 2018",934.79,950.0,917.85,944.21,2369450000,91272100000
100,"Feb 15, 2018",923.73,951.95,911.11,936.98,2900100000,90173300000
101,"Feb 14, 2018",844.28,926.43,844.28,923.56,2818370000,82400600000
102,"Feb 13, 2018",869.29,870.71,828.84,845.26,2081170000,84824200000
103,"Feb 12, 2018",817.51,875.94,817.51,868.71,2243450000,79754400000
104,"Feb 11, 2018",859.29,859.29,788.22,814.66,2486650000,83813000000
105,"Feb 10, 2018",882.47,917.4,825.58,860.41,2930530000,86055600000
106,"Feb 09, 2018",818.48,884.0,788.83,883.87,2495820000,79799300000
107,"Feb 08, 2018",755.84,845.09,755.84,817.81,3708190000,73676900000
108,"Feb 07, 2018",790.43,851.2,723.43,757.07,3896180000,77032000000
109,"Feb 06, 2018",707.74,796.44,574.42,793.12,6518270000,68958700000
110,"Feb 05, 2018",834.96,856.65,644.6,697.95,4269530000,81337400000
111,"Feb 04, 2018",964.67,969.03,805.06,834.68,2997090000,93953400000
112,"Feb 03, 2018",919.21,991.94,847.69,964.02,3243480000,89507600000
113,"Feb 02, 2018",1035.77,1035.77,757.98,915.78,6713290000,100836000000
114,"Feb 01, 2018",1119.37,1161.35,984.82,1036.79,5261680000,108952000000
115,"Jan 31, 2018",1071.09,1128.66,1034.5,1118.31,3757560000,104231000000
116,"Jan 30, 2018",1184.13,1184.63,1058.97,1071.13,4107860000,115207000000
117,"Jan 29, 2018",1246.7,1256.7,1169.08,1182.36,3715080000,121269000000
118,"Jan 28, 2018",1111.78,1257.77,1111.78,1246.01,5372330000,108122000000
119,"Jan 27, 2018",1055.75,1121.98,1042.12,1107.07,3002870000,102651000000
120,"Jan 26, 2018",1052.7,1080.6,996.78,1055.17,3617690000,102334000000
121,"Jan 25, 2018",1063.22,1104.66,1034.74,1056.03,4050190000,103335000000
122,"Jan 24, 2018",987.48,1062.44,965.81,1058.78,3944040000,95952700000
123,"Jan 23, 2018",1004.17,1023.23,920.54,986.23,3556700000,97554300000
124,"Jan 22, 2018",1055.35,1089.1,930.74,1003.26,3810100000,102504000000
125,"Jan 21, 2018",1155.68,1155.68,1021.5,1049.58,3378090000,112226000000
126,"Jan 20, 2018",1044.95,1167.11,1044.95,1155.15,3975190000,101451000000
127,"Jan 19, 2018",1028.82,1093.22,1003.71,1039.1,4084450000,99863900000
128,"Jan 18, 2018",1016.44,1100.31,967.76,1036.28,5938320000,98642100000
129,"Jan 17, 2018",1061.34,1090.23,780.92,1014.25,8545160000,102974000000
130,"Jan 16, 2018",1292.63,1292.63,875.54,1053.69,8405140000,125389000000
131,"Jan 15, 2018",1365.21,1390.59,1290.6,1291.92,4781100000,132404000000
132,"Jan 14, 2018",1397.48,1400.56,1286.21,1366.77,4841630000,135503000000
133,"Jan 13, 2018",1270.47,1432.88,1270.47,1396.42,5746760000,123163000000
134,"Jan 12, 2018",1158.29,1296.04,1120.09,1273.2,5222300000,112263000000
135,"Jan 11, 2018",1268.09,1337.3,1135.17,1154.93,7235900000,122879000000
136,"Jan 10, 2018",1300.34,1417.38,1226.6,1255.82,9214950000,125976000000
137,"Jan 09, 2018",1146.0,1320.98,1145.49,1299.74,7965460000,110999000000
138,"Jan 08, 2018",1158.26,1266.93,1016.05,1148.53,8450970000,112164000000
139,"Jan 07, 2018",1043.01,1153.17,1043.01,1153.17,5569880000,100981000000
140,"Jan 06, 2018",995.15,1060.71,994.62,1041.68,4662220000,96326500000
141,"Jan 05, 2018",975.75,1075.39,956.33,997.72,6683150000,94423900000
142,"Jan 04, 2018",961.71,1045.08,946.09,980.92,6502860000,93049400000
143,"Jan 03, 2018",886.0,974.47,868.45,962.72,5093160000,85703500000
144,"Jan 02, 2018",772.35,914.83,772.35,884.44,5783350000,74695700000
145,"Jan 01, 2018",755.76,782.53,742.0,772.64,2595760000,73075800000
146,"Dec 31, 2017",712.21,760.35,710.12,756.73,2554270000,68850800000
147,"Dec 30, 2017",753.82,753.82,685.23,717.26,3187780000,72856900000
148,"Dec 29, 2017",740.39,770.12,729.61,753.59,2648970000,71544300000
149,"Dec 28, 2017",762.21,763.32,701.19,737.02,2389150000,73637100000
150,"Dec 27, 2017",774.97,789.25,738.41,762.84,2100030000,74854100000
151,"Dec 26, 2017",763.37,786.79,760.93,773.84,2201160000,73717800000
152,"Dec 25, 2017",698.87,782.52,698.87,765.83,2491760000,67475100000
153,"Dec 24, 2017",721.77,721.77,614.92,694.15,2300550000,69671200000
154,"Dec 23, 2017",681.32,763.89,679.73,719.39,2480340000,65752100000
155,"Dec 22, 2017",822.64,827.68,543.76,674.86,4977710000,79374400000
156,"Dec 21, 2017",820.24,880.54,792.69,821.06,3569060000,79125300000
157,"Dec 20, 2017",827.52,845.06,756.0,819.09,3969940000,79810600000
158,"Dec 19, 2017",793.9,881.94,785.34,826.82,4096550000,76552200000
159,"Dec 18, 2017",721.73,803.93,689.23,794.64,3249230000,69578400000
160,"Dec 17, 2017",696.24,735.83,696.24,719.98,2147390000,67106400000
161,"Dec 16, 2017",686.19,718.38,680.79,696.21,2165690000,66124200000
162,"Dec 15, 2017",696.38,697.13,621.06,684.45,2758710000,67090900000
163,"Dec 14, 2017",700.59,753.12,664.99,695.82,3821580000,67482900000
164,"Dec 13, 2017",644.91,747.99,597.8,702.77,4524540000,62105600000
165,"Dec 12, 2017",522.29,657.32,504.49,651.43,5179830000,50286400000
166,"Dec 11, 2017",440.36,516.97,439.1,515.14,1771440000,42389300000
167,"Dec 10, 2017",472.79,472.79,429.51,441.72,1404180000,45501400000
168,"Dec 09, 2017",457.34,504.15,456.25,473.5,2003850000,44005600000
169,"Dec 08, 2017",434.99,466.06,422.37,456.03,2336380000,41845800000
170,"Dec 07, 2017",426.37,441.4,414.41,434.41,2129570000,41007600000
171,"Dec 06, 2017",462.6,462.71,420.21,428.59,1998260000,44483100000
172,"Dec 05, 2017",470.29,473.56,457.66,463.28,1216720000,45212800000
173,"Dec 04, 2017",466.05,474.78,453.31,470.2,1005550000,44795700000
174,"Dec 03, 2017",463.7,482.81,451.85,465.85,990557000,44560500000
175,"Dec 02, 2017",466.85,476.24,456.65,463.45,943650000,44853300000
176,"Dec 01, 2017",445.21,472.61,428.31,466.54,1247880000,42765000000
177,"Nov 30, 2017",431.21,465.5,401.24,447.11,1903040000,41411900000
178,"Nov 29, 2017",473.28,522.31,425.07,427.52,2675940000,45442100000
179,"Nov 28, 2017",480.52,482.48,466.35,472.9,1346500000,46127200000
180,"Nov 27, 2017",471.53,493.4,468.49,480.36,1396480000,45255000000
181,"Nov 26, 2017",465.97,472.72,451.61,471.33,1197780000,44712100000
182,"Nov 25, 2017",475.68,485.19,461.05,466.28,1422080000,45633400000
183,"Nov 24, 2017",412.5,480.97,402.76,474.91,2292830000,39564300000
184,"Nov 23, 2017",381.44,425.55,376.09,410.17,1845680000,36577300000
185,"Nov 22, 2017",360.31,381.42,360.15,380.65,800819000,34544000000
186,"Nov 21, 2017",367.44,372.47,350.69,360.4,949912000,35220200000
187,"Nov 20, 2017",354.09,372.14,353.29,366.73,807027000,33933400000
188,"Nov 19, 2017",347.4,371.29,344.74,354.39,1181530000,33284900000
189,"Nov 18, 2017",331.98,349.62,327.69,347.61,649639000,31800700000
190,"Nov 17, 2017",330.17,334.96,327.52,332.39,621733000,31620300000
191,"Nov 16, 2017",333.44,336.16,323.61,330.92,797254000,31927300000
192,"Nov 15, 2017",337.96,340.91,329.81,333.36,722666000,32353200000
193,"Nov 14, 2017",316.76,340.18,316.76,337.63,1069680000,30317300000
194,"Nov 13, 2017",307.02,328.42,307.02,316.72,1041890000,29379000000
195,"Nov 12, 2017",314.69,319.15,298.51,307.91,1613480000,30106200000
196,"Nov 11, 2017",298.59,319.45,298.19,314.68,842301000,28559400000
197,"Nov 10, 2017",320.67,324.72,294.54,299.25,885986000,30665200000
198,"Nov 09, 2017",308.64,329.45,307.06,320.88,893250000,29509000000
199,"Nov 08, 2017",294.27,318.7,293.1,309.07,967956000,28128700000
200,"Nov 07, 2017",298.57,304.84,290.77,294.66,540766000,28533300000
201,"Nov 06, 2017",296.43,305.42,293.72,298.89,579359000,28322700000
202,"Nov 05, 2017",300.04,301.37,295.12,296.26,337658000,28661500000
203,"Nov 04, 2017",305.48,305.48,295.8,300.47,416479000,29175300000
204,"Nov 03, 2017",288.5,308.31,287.69,305.71,646340000,27547400000
205,"Nov 02, 2017",290.73,293.91,281.17,287.43,904901000,27754200000
206,"Nov 01, 2017",305.76,306.4,290.58,291.69,553864000,29183600000
207,"Oct 31, 2017",307.38,310.55,305.88,305.88,369583000,29331500000
208,"Oct 30, 2017",304.78,310.5,304.35,307.75,331442000,29077600000
209,"Oct 29, 2017",296.38,313.75,296.38,305.09,551752000,28270200000
210,"Oct 28, 2017",297.92,300.36,293.58,296.3,264424000,28410400000
211,"Oct 27, 2017",296.51,299.26,294.06,297.42,257169000,28270100000
212,"Oct 26, 2017",298.02,301.07,295.22,296.53,270273000,28408400000
213,"Oct 25, 2017",298.44,301.85,290.72,297.93,325040000,28442000000
214,"Oct 24, 2017",287.12,311.96,282.66,298.33,684281000,27357500000
215,"Oct 23, 2017",295.1,295.75,277.57,286.95,482336000,28111400000
216,"Oct 22, 2017",300.55,305.5,292.81,295.45,327387000,28624800000
217,"Oct 21, 2017",303.57,303.93,291.77,300.19,408014000,28906600000
218,"Oct 20, 2017",308.05,311.44,303.49,304.01,396673000,29326300000
219,"Oct 19, 2017",314.54,316.71,305.83,308.09,349830000,29937900000
220,"Oct 18, 2017",316.94,317.24,290.64,314.32,606114000,30160500000
221,"Oct 17, 2017",333.48,333.48,311.79,317.08,509924000,31727700000
222,"Oct 16, 2017",336.71,349.35,332.04,333.38,692885000,32029200000
223,"Oct 15, 2017",339.53,342.72,320.43,336.6,635407000,32292100000
224,"Oct 14, 2017",338.85,347.98,334.7,339.63,516562000,32222400000
225,"Oct 13, 2017",304.08,348.6,299.66,338.76,1304360000,28911100000
226,"Oct 12, 2017",303.5,309.15,303.29,304.14,527557000,28851200000
227,"Oct 11, 2017",301.18,304.39,299.1,303.46,264146000,28626300000
228,"Oct 10, 2017",297.6,306.15,293.17,299.87,359706000,28281400000
229,"Oct 09, 2017",308.67,309.31,288.19,297.39,559467000,29328300000
230,"Oct 08, 2017",311.06,312.54,308.03,308.61,293167000,29550900000
231,"Oct 07, 2017",308.89,313.13,304.98,311.12,342205000,29340400000
232,"Oct 06, 2017",295.15,308.84,294.95,308.59,318664000,28031100000
233,"Oct 05, 2017",292.77,298.04,288.84,295.86,253747000,27800400000
234,"Oct 04, 2017",292.75,299.39,290.89,292.66,257906000,27794100000
235,"Oct 03, 2017",297.48,300.11,288.13,292.46,321680000,28238500000
236,"Oct 02, 2017",302.48,302.92,294.58,297.48,339443000,28708500000
237,"Oct 01, 2017",301.55,303.19,295.06,302.34,306185000,28615200000
238,"Sep 30, 2017",291.48,303.96,291.11,301.46,332439000,27655200000
239,"Sep 29, 2017",299.12,299.92,279.77,291.47,541375000,28375900000
240,"Sep 28, 2017",306.47,307.2,295.47,299.15,501894000,29068700000
241,"Sep 27, 2017",287.02,308.01,286.82,306.47,550244000,27219400000
242,"Sep 26, 2017",292.35,293.75,287.02,287.44,345801000,27720000000
243,"Sep 25, 2017",282.22,293.51,281.88,292.33,483161000,26755500000
244,"Sep 24, 2017",286.21,292.95,278.13,282.48,571411000,27129900000
245,"Sep 23, 2017",264.6,286.17,261.12,286.17,450934000,25077100000
246,"Sep 22, 2017",258.11,270.54,256.22,264.31,430081000,24458400000
247,"Sep 21, 2017",283.26,286.61,255.02,258.58,601266000,26836000000
248,"Sep 20, 2017",282.01,290.89,278.05,283.74,421404000,26712400000
249,"Sep 19, 2017",293.66,295.77,274.48,282.8,646909000,27809300000
250,"Sep 18, 2017",252.23,293.5,252.23,293.5,1127750000,23881200000
251,"Sep 17, 2017",245.85,257.0,235.24,251.75,427452000,23272500000
252,"Sep 16, 2017",250.87,262.59,238.22,246.52,711737000,23742600000
253,"Sep 15, 2017",215.22,258.65,195.03,250.46,1935700000,20364900000
254,"Sep 14, 2017",276.59,280.84,213.91,213.91,1184590000,26166100000
255,"Sep 13, 2017",291.12,291.12,260.61,277.11,921692000,27535700000
256,"Sep 12, 2017",294.63,311.19,287.23,291.46,753144000,27861800000
257,"Sep 11, 2017",289.75,300.69,286.69,294.53,571307000,27394400000
258,"Sep 10, 2017",294.06,294.76,268.97,288.75,698326000,27797200000
259,"Sep 09, 2017",296.17,299.89,287.22,294.4,528621000,27990500000
260,"Sep 08, 2017",329.64,329.64,285.16,296.5,1098780000,31147200000
261,"Sep 07, 2017",333.52,333.52,319.94,329.43,718624000,31507500000
262,"Sep 06, 2017",313.8,334.66,313.49,334.34,1058830000,29639100000
263,"Sep 05, 2017",297.57,318.57,268.29,312.99,1551050000,28100000000
264,"Sep 04, 2017",347.13,347.13,279.94,295.17,1801690000,32774000000
265,"Sep 03, 2017",350.23,366.49,332.23,347.48,986266000,33059800000
266,"Sep 02, 2017",387.82,389.35,328.1,348.98,1483600000,36601200000
267,"Sep 01, 2017",383.47,390.04,383.47,387.74,874222000,36182900000
268,"Aug 31, 2017",378.44,386.14,376.35,383.04,706254000,35701500000
269,"Aug 30, 2017",369.47,388.75,361.97,378.49,1333320000,34848400000
270,"Aug 29, 2017",347.96,373.76,347.79,370.67,1220030000,32813200000
271,"Aug 28, 2017",350.04,352.05,338.41,347.75,854319000,33002700000
272,"Aug 27, 2017",334.36,347.89,334.36,347.89,633370000,31517500000
273,"Aug 26, 2017",331.99,334.99,327.92,333.88,514181000,31288300000
274,"Aug 25, 2017",326.11,336.4,325.8,331.92,760329000,30727900000
275,"Aug 24, 2017",317.45,327.96,317.08,325.61,697665000,29904600000
276,"Aug 23, 2017",315.27,324.21,314.54,317.52,811990000,29691900000
277,"Aug 22, 2017",321.06,327.36,297.91,314.79,1336400000,30229900000
278,"Aug 21, 2017",300.48,347.05,297.23,321.59,2448970000,28285500000
279,"Aug 20, 2017",296.64,301.43,291.58,301.43,571947000,27918100000
280,"Aug 19, 2017",296.18,301.67,286.18,297.47,860202000,27867900000
281,"Aug 18, 2017",301.7,307.96,292.5,295.59,936160000,28380200000
282,"Aug 17, 2017",302.81,311.03,300.25,301.46,909494000,28477500000
283,"Aug 16, 2017",289.82,303.41,285.38,302.27,967643000,27249700000
284,"Aug 15, 2017",299.95,300.41,279.33,289.82,1051800000,28195800000
285,"Aug 14, 2017",298.03,306.81,296.41,300.1,864391000,28008700000
286,"Aug 13, 2017",310.37,310.82,289.31,298.06,1369370000,29161100000
287,"Aug 12, 2017",308.71,317.56,307.9,310.6,1111650000,28998700000
288,"Aug 11, 2017",294.5,309.21,294.5,308.86,953576000,27657000000
289,"Aug 10, 2017",296.96,306.59,289.93,295.89,1076820000,27882200000
290,"Aug 09, 2017",297.63,318.72,276.69,296.03,2638580000,27938700000
291,"Aug 08, 2017",269.1,298.91,266.8,296.77,1502410000,25254600000
292,"Aug 07, 2017",261.24,271.96,256.69,269.18,935727000,24511000000
293,"Aug 06, 2017",256.42,271.05,252.85,261.57,1482980000,24053500000
294,"Aug 05, 2017",222.85,256.51,221.95,256.51,1333000000,20900000000
295,"Aug 04, 2017",225.31,227.62,222.06,223.07,539783000,21125600000
296,"Aug 03, 2017",220.18,228.29,219.89,225.34,557217000,20640100000
297,"Aug 02, 2017",227.01,229.51,218.12,219.95,632606000,21275200000
298,"Aug 01, 2017",204.69,227.74,204.69,226.77,1585330000,19179100000
299,"Jul 31, 2017",197.41,203.87,193.41,203.87,569414000,18492000000
300,"Jul 30, 2017",206.74,208.54,196.15,197.98,596234000,19360900000
301,"Jul 29, 2017",193.34,208.68,179.65,205.79,824355000,18101800000
302,"Jul 28, 2017",204.32,204.9,192.3,193.12,562571000,19125100000
303,"Jul 27, 2017",204.86,206.44,201.26,204.32,393283000,19169800000
304,"Jul 26, 2017",207.09,210.77,194.78,203.95,717692000,19373400000
305,"Jul 25, 2017",224.37,225.32,195.84,206.71,1095760000,20985200000
306,"Jul 24, 2017",226.28,227.54,222.45,224.71,431691000,21158500000
307,"Jul 23, 2017",229.12,231.68,217.72,225.95,649615000,21418300000
308,"Jul 22, 2017",217.86,232.7,216.87,229.48,618260000,20360100000
309,"Jul 21, 2017",226.06,235.12,213.01,218.31,1006130000,21121100000
310,"Jul 20, 2017",205.42,233.9,203.22,227.26,2225000000,19187800000
311,"Jul 19, 2017",234.94,245.65,191.75,199.7,2328790000,21939300000
312,"Jul 18, 2017",195.03,267.99,182.06,234.39,2709260000,18207400000
313,"Jul 17, 2017",159.99,194.75,158.04,193.42,1669500000,14932700000
314,"Jul 16, 2017",169.57,172.01,133.72,157.36,1516890000,15823100000
315,"Jul 15, 2017",199.71,200.16,170.66,170.66,810452000,18630200000
316,"Jul 14, 2017",209.53,211.1,187.37,199.66,749382000,19541300000
317,"Jul 13, 2017",231.81,231.81,200.06,209.73,828489000,21613900000
318,"Jul 12, 2017",197.15,230.77,189.59,230.77,1241190000,18377600000
319,"Jul 11, 2017",211.53,220.29,183.39,197.4,1440950000,19712300000
320,"Jul 10, 2017",243.01,243.07,196.97,215.36,937219000,22640500000
321,"Jul 09, 2017",251.82,255.1,242.14,242.14,505118000,23454700000
322,"Jul 08, 2017",245.89,273.48,236.55,251.7,754958000,22890700000
323,"Jul 07, 2017",270.35,273.94,244.17,245.99,687252000,25160800000
324,"Jul 06, 2017",268.86,278.48,265.51,270.55,623080000,25019500000
325,"Jul 05, 2017",273.1,275.13,261.45,268.77,790256000,25406900000
326,"Jul 04, 2017",282.19,287.39,273.11,273.3,687691000,26245000000
327,"Jul 03, 2017",288.41,291.1,281.18,282.9,851408000,26815900000
328,"Jul 02, 2017",275.12,295.51,262.52,287.99,1123330000,25572800000
329,"Jul 01, 2017",293.35,293.75,268.62,274.6,1089200000,27259400000
330,"Jun 30, 2017",303.15,315.17,288.44,294.92,1011800000,28161900000
331,"Jun 29, 2017",328.37,330.71,297.37,302.88,1508580000,30495300000
332,"Jun 28, 2017",293.04,333.1,276.41,327.93,2056550000,27207000000
333,"Jun 27, 2017",272.69,293.09,227.14,293.09,1973870000,25309700000
334,"Jun 26, 2017",302.95,311.46,238.65,272.69,2081810000,28111200000
335,"Jun 25, 2017",323.47,332.79,284.65,303.25,1186880000,30005900000
336,"Jun 24, 2017",341.63,343.62,322.09,323.7,673585000,31681300000
337,"Jun 23, 2017",336.49,348.01,334.99,341.74,593207000,31195900000
338,"Jun 22, 2017",337.73,342.03,330.62,336.37,925767000,31302600000
339,"Jun 21, 2017",359.54,361.34,319.48,336.87,1420130000,33310500000
340,"Jun 20, 2017",370.33,377.97,350.94,359.0,1020390000,34304000000
341,"Jun 19, 2017",371.86,377.12,369.76,370.06,685172000,34435700000
342,"Jun 18, 2017",379.52,390.58,368.84,371.46,904703000,35133800000
343,"Jun 17, 2017",369.88,379.41,364.0,379.41,904653000,34231300000
344,"Jun 16, 2017",361.18,373.06,341.42,370.23,1096280000,33415800000
345,"Jun 15, 2017",358.51,364.44,300.7,361.93,2463450000,33158200000
346,"Jun 14, 2017",397.59,399.32,342.21,359.05,1272580000,36761600000
347,"Jun 13, 2017",395.69,411.18,370.06,397.54,1717380000,36574500000
348,"Jun 12, 2017",341.16,414.76,341.16,401.49,2882650000,31525300000
349,"Jun 11, 2017",338.79,353.01,318.17,340.61,1373220000,31296800000
350,"Jun 10, 2017",282.01,350.26,282.01,337.67,1611630000,26043700000
351,"Jun 09, 2017",261.75,282.76,261.75,281.74,557986000,24165000000
352,"Jun 08, 2017",257.99,262.25,253.97,261.67,385494000,23810900000
353,"Jun 07, 2017",264.26,264.67,254.04,258.07,461649000,24382200000
354,"Jun 06, 2017",248.6,267.51,246.84,264.47,741553000,22930400000
355,"Jun 05, 2017",245.26,249.47,243.05,248.46,435660000,22615800000
356,"Jun 04, 2017",224.12,250.41,223.98,245.33,753820000,20659800000
357,"Jun 03, 2017",223.46,225.97,219.42,224.38,427896000,20593500000
358,"Jun 02, 2017",222.29,229.41,219.58,223.78,469532000,20479000000
359,"Jun 01, 2017",230.89,236.22,214.48,222.24,812924000,21264800000
360,"May 31, 2017",231.58,236.97,215.57,230.67,1271600000,21321900000
361,"May 30, 2017",195.61,233.71,189.29,231.91,1586670000,18004700000
362,"May 29, 2017",170.13,197.13,164.53,194.91,718828000,15654600000
363,"May 28, 2017",158.82,179.94,157.6,170.51,717971000,14608600000
364,"May 27, 2017",159.82,166.95,120.44,157.76,1217060000,14696000000
365,"May 26, 2017",175.22,193.69,150.28,160.4,792458000,16107000000
366,"May 25, 2017",189.85,210.98,170.51,174.45,943637000,17446600000
367,"May 24, 2017",182.65,228.37,182.45,190.05,561014000,16779700000
368,"May 23, 2017",170.82,183.55,169.93,181.95,530709000,15688000000
369,"May 22, 2017",158.17,201.75,152.47,174.26,1188910000,14522100000
370,"May 21, 2017",127.54,159.03,125.89,157.94,570361000,11705700000
371,"May 20, 2017",129.22,133.64,124.7,126.52,331455000,11856600000
372,"May 19, 2017",97.05,133.56,97.05,129.53,626945000,8902240000
373,"May 18, 2017",89.84,97.37,89.84,96.91,196237000,8238110000
374,"May 17, 2017",89.25,91.27,84.43,89.86,183031000,8181520000
375,"May 16, 2017",92.39,93.56,89.12,89.44,152285000,8466470000
376,"May 15, 2017",90.78,95.43,86.83,92.41,170999000,8316930000
377,"May 14, 2017",90.87,91.25,89.61,90.79,66046600,8322380000
378,"May 13, 2017",88.69,93.81,86.66,90.84,88742200,8120390000
379,"May 12, 2017",89.43,93.12,88.66,88.66,145825000,8184930000
380,"May 11, 2017",89.77,102.55,88.48,89.88,132722000,8213570000
381,"May 10, 2017",91.15,92.85,85.29,89.52,145602000,8337180000
382,"May 09, 2017",91.23,93.06,80.39,91.16,363434000,8341490000
383,"May 08, 2017",93.75,95.14,89.51,91.42,231344000,8569060000
384,"May 07, 2017",97.87,98.24,89.87,94.01,183295000,8942950000
385,"May 06, 2017",94.91,97.88,90.95,97.81,151462000,8669910000
386,"May 05, 2017",96.73,103.23,92.22,94.4,331928000,8833520000
387,"May 04, 2017",79.72,97.56,79.43,96.98,366847000,7277480000
388,"May 03, 2017",77.25,80.1,75.76,79.72,141922000,7050050000
389,"May 02, 2017",76.65,79.35,74.38,77.26,193773000,6992980000
390,"May 01, 2017",79.32,82.52,73.09,76.3,376842000,7234070000
391,"Apr 30, 2017",68.54,79.02,68.35,79.02,229945000,6248840000
392,"Apr 29, 2017",71.39,71.9,66.78,68.38,165448000,6506490000
393,"Apr 28, 2017",62.23,70.85,62.13,70.16,346546000,5669550000
394,"Apr 27, 2017",52.81,62.17,52.29,62.17,246775000,4809630000
395,"Apr 26, 2017",49.91,53.44,49.91,52.72,104884000,4544370000
396,"Apr 25, 2017",50.07,50.3,49.81,49.89,38264600,4557870000
397,"Apr 24, 2017",48.87,50.18,48.87,50.03,55580600,4446470000
398,"Apr 23, 2017",48.59,48.89,48.17,48.49,36234000,4420040000
399,"Apr 22, 2017",48.18,48.74,48.17,48.55,37357600,4381290000
400,"Apr 21, 2017",49.64,49.66,48.14,48.22,45048300,4512610000
401,"Apr 20, 2017",48.13,49.99,48.13,49.67,79600900,4373800000
402,"Apr 19, 2017",50.73,50.95,47.26,48.31,76281000,4608260000
403,"Apr 18, 2017",48.32,51.03,48.3,50.71,78748500,4387860000
404,"Apr 17, 2017",48.66,48.75,48.05,48.3,44013300,4417310000
405,"Apr 16, 2017",49.04,49.14,48.19,48.72,31343800,4450140000
406,"Apr 15, 2017",47.65,49.57,47.18,49.1,66207800,4323100000
407,"Apr 14, 2017",49.97,50.05,46.76,47.57,91674400,4531810000
408,"Apr 13, 2017",46.31,50.91,46.31,50.22,157200000,4198420000
409,"Apr 12, 2017",43.46,47.23,43.11,46.29,88045700,3938930000
410,"Apr 11, 2017",43.5,44.25,43.3,43.41,38303300,3941100000
411,"Apr 10, 2017",43.28,44.14,42.42,43.44,44061500,3919520000
412,"Apr 09, 2017",44.28,44.49,42.89,43.27,55143000,4009010000
413,"Apr 08, 2017",41.8,45.21,41.73,44.31,74138800,3783000000
414,"Apr 07, 2017",42.87,44.04,41.65,42.16,81474700,3878210000
415,"Apr 06, 2017",45.22,45.64,40.9,43.24,147120000,4089930000
416,"Apr 05, 2017",44.66,47.84,44.54,45.3,119733000,4037940000
417,"Apr 04, 2017",43.92,45.74,41.72,44.64,157568000,3969730000
418,"Apr 03, 2017",48.82,48.82,43.41,44.36,190513000,4411030000
419,"Apr 02, 2017",50.74,51.27,45.43,48.75,134604000,4582700000
420,"Apr 01, 2017",50.03,51.93,48.88,50.7,92461900,4517510000
421,"Mar 31, 2017",51.75,51.77,47.38,50.04,151416000,4671190000
422,"Mar 30, 2017",53.12,53.31,51.87,52.21,86885700,4793280000
423,"Mar 29, 2017",50.57,53.87,50.55,53.13,144998000,4561150000
424,"Mar 28, 2017",49.71,50.96,49.15,50.77,97745300,4482160000
425,"Mar 27, 2017",51.31,52.46,48.93,49.67,118978000,4624990000
426,"Mar 26, 2017",50.77,51.8,49.28,50.52,106859000,4574540000
427,"Mar 25, 2017",53.58,53.58,48.31,51.25,223059000,4825700000
428,"Mar 24, 2017",43.64,54.14,43.21,53.11,297046000,3929230000
429,"Mar 23, 2017",42.57,44.75,41.3,43.68,100724000,3831310000
430,"Mar 22, 2017",43.12,43.52,39.69,42.34,113952000,3880120000
431,"Mar 21, 2017",43.51,44.26,42.37,43.15,91265400,3913620000
432,"Mar 20, 2017",44.83,46.23,42.44,43.39,154701000,4031270000
433,"Mar 19, 2017",35.53,47.0,35.34,44.74,239430000,3193600000
434,"Mar 18, 2017",46.87,46.87,31.7,34.16,262180000,4211830000
435,"Mar 17, 2017",45.93,55.11,38.21,46.83,497534000,4125480000
436,"Mar 16, 2017",35.36,47.17,35.36,46.35,454418000,3174750000
437,"Mar 15, 2017",28.65,35.06,28.43,35.06,170344000,2571160000
438,"Mar 14, 2017",28.57,29.93,27.32,28.65,101797000,2563700000
439,"Mar 13, 2017",23.5,30.6,23.5,28.59,255488000,2108300000
440,"Mar 12, 2017",21.46,23.44,21.38,23.44,74628900,1924660000
441,"Mar 11, 2017",19.37,21.59,19.01,21.47,69150100,1736630000
442,"Mar 10, 2017",17.74,19.66,17.68,19.33,87506800,1589640000
443,"Mar 09, 2017",16.64,17.87,16.37,17.75,31418400,1490500000
444,"Mar 08, 2017",18.88,18.88,16.65,16.65,44304600,1690760000
445,"Mar 07, 2017",19.58,19.63,18.64,18.89,37972200,1752530000
446,"Mar 06, 2017",19.28,20.1,19.11,19.61,32432700,1725360000
447,"Mar 05, 2017",18.5,19.42,18.23,19.3,26816300,1655030000
448,"Mar 04, 2017",19.52,20.05,18.62,18.62,27341900,1745140000
449,"Mar 03, 2017",19.04,20.67,18.41,19.46,95863400,1702140000
450,"Mar 02, 2017",17.36,19.35,16.95,19.03,83627100,1550750000
451,"Mar 01, 2017",15.85,17.37,15.56,17.35,44927500,1415510000
452,"Feb 28, 2017",15.45,16.06,15.12,15.82,65478900,1379600000
453,"Feb 27, 2017",14.51,15.68,14.27,15.4,31667000,1294770000
454,"Feb 26, 2017",13.52,14.54,13.4,14.52,20307500,1206150000
455,"Feb 25, 2017",13.06,13.72,12.98,13.55,18533900,1165230000
456,"Feb 24, 2017",13.13,13.23,12.88,13.07,19574400,1171110000
457,"Feb 23, 2017",12.6,13.21,12.56,13.12,14522300,1122910000
458,"Feb 22, 2017",12.69,12.76,12.55,12.6,10360900,1130460000
459,"Feb 21, 2017",12.34,12.77,12.21,12.67,15183300,1099330000
460,"Feb 20, 2017",12.77,12.9,12.43,12.43,12994400,1136610000
461,"Feb 19, 2017",12.82,12.87,12.71,12.76,7799740,1140870000
462,"Feb 18, 2017",12.71,12.83,12.68,12.81,9370010,1130750000
463,"Feb 17, 2017",12.9,12.91,12.66,12.68,11636500,1147260000
464,"Feb 16, 2017",12.92,12.92,12.54,12.9,38002600,1148860000
465,"Feb 15, 2017",13.04,13.04,12.64,12.92,18464700,1159000000
466,"Feb 14, 2017",11.29,13.33,11.29,13.03,42911500,1002810000
467,"Feb 13, 2017",11.38,11.39,11.17,11.27,7216520,1011080000
468,"Feb 12, 2017",11.35,11.4,11.3,11.4,6264900,1008030000
469,"Feb 11, 2017",11.29,11.43,11.24,11.35,7544520,1002130000
470,"Feb 10, 2017",11.04,11.34,10.78,11.28,11914200,979961000
471,"Feb 09, 2017",11.44,11.6,10.67,11.03,18400300,1014280000
472,"Feb 08, 2017",11.54,11.63,11.24,11.43,9688630,1023170000
473,"Feb 07, 2017",11.43,11.61,11.41,11.52,7629640,1012620000
474,"Feb 06, 2017",11.35,11.48,11.34,11.39,5695440,1005930000
475,"Feb 05, 2017",11.44,11.49,11.32,11.35,5942960,1013400000
476,"Feb 04, 2017",11.13,11.5,11.13,11.43,14139500,985277000
477,"Feb 03, 2017",10.81,11.11,10.76,11.11,12897800,956944000
478,"Feb 02, 2017",10.74,10.89,10.55,10.82,10172500,949793000
479,"Feb 01, 2017",10.74,10.85,10.56,10.73,12852200,949969000
480,"Jan 31, 2017",10.56,10.75,10.54,10.73,11648700,933975000
481,"Jan 30, 2017",10.49,10.71,10.47,10.57,8042180,927415000
482,"Jan 29, 2017",10.56,10.57,10.45,10.48,4689950,933087000
483,"Jan 28, 2017",10.54,10.58,10.43,10.56,6580700,930688000
484,"Jan 27, 2017",10.58,10.61,10.44,10.54,7189170,934404000
485,"Jan 26, 2017",10.57,10.67,10.51,10.59,8465020,932575000
486,"Jan 25, 2017",10.62,10.62,10.48,10.57,6751450,936769000
487,"Jan 24, 2017",10.73,10.77,10.57,10.63,8327330,946083000
488,"Jan 23, 2017",10.71,10.84,10.67,10.82,7267210,944159000
489,"Jan 22, 2017",10.91,10.97,10.58,10.7,8678620,961463000
490,"Jan 21, 2017",10.6,10.98,10.58,10.91,11937600,933405000
491,"Jan 20, 2017",10.39,10.76,10.35,10.6,10992800,914696000
492,"Jan 19, 2017",10.24,10.44,10.18,10.4,8347550,901484000
493,"Jan 18, 2017",10.3,10.52,9.94,10.23,10788200,906079000
494,"Jan 17, 2017",9.64,10.61,9.54,10.3,18391900,847981000
495,"Jan 16, 2017",9.88,9.93,9.58,9.64,14937400,869126000
496,"Jan 15, 2017",9.83,10.0,9.6,9.9,14837900,864037000
497,"Jan 14, 2017",9.79,9.89,9.44,9.65,20085800,859971000
498,"Jan 13, 2017",9.83,9.85,9.51,9.77,25066600,863241000
499,"Jan 12, 2017",9.72,10.08,9.18,9.86,30453800,853638000
500,"Jan 11, 2017",10.54,10.66,9.46,9.72,26823500,925320000
501,"Jan 10, 2017",10.37,10.69,10.29,10.55,10879700,909897000
502,"Jan 09, 2017",10.31,10.78,10.14,10.33,25718300,904682000
503,"Jan 08, 2017",9.87,10.39,9.83,10.29,16676600,865667000
504,"Jan 07, 2017",10.24,10.28,9.59,9.87,23153600,897636000
505,"Jan 06, 2017",10.29,10.63,9.63,10.25,29471800,901249000
506,"Jan 05, 2017",11.29,11.89,9.4,10.25,41557400,988599000
507,"Jan 04, 2017",9.71,11.28,9.56,11.25,41051200,850115000
508,"Jan 03, 2017",8.37,10.0,8.32,9.73,33625200,732988000
509,"Jan 02, 2017",8.17,8.44,8.05,8.38,14579600,714900000
510,"Jan 01, 2017",7.98,8.47,7.98,8.17,14731700,698149000
511,"Dec 31, 2016",8.15,8.16,7.91,7.97,9066800,712662000
512,"Dec 30, 2016",8.29,8.47,8.05,8.16,13909900,724528000
513,"Dec 29, 2016",7.54,8.53,7.54,8.28,27543800,658674000
514,"Dec 28, 2016",7.15,7.62,7.08,7.52,17453300,624359000
515,"Dec 27, 2016",7.28,7.32,7.09,7.17,8778610,635260000
516,"Dec 26, 2016",7.13,7.33,7.05,7.27,5836810,622439000
517,"Dec 25, 2016",7.26,7.34,7.14,7.18,8671840,633792000
518,"Dec 24, 2016",7.15,7.41,7.15,7.27,7626020,623759000
519,"Dec 23, 2016",7.58,7.69,7.16,7.17,19613100,660546000
520,"Dec 22, 2016",7.9,7.91,7.5,7.58,16376700,688380000
521,"Dec 21, 2016",7.66,7.94,7.66,7.91,9393550,667625000
522,"Dec 20, 2016",7.63,7.75,7.57,7.66,6313550,664772000
523,"Dec 19, 2016",7.87,7.87,7.63,7.64,5894760,685054000
524,"Dec 18, 2016",7.86,7.93,7.72,7.87,5890020,684028000
525,"Dec 17, 2016",7.86,7.9,7.52,7.88,8502620,683357000
526,"Dec 16, 2016",7.86,7.93,7.8,7.86,5178610,683399000
527,"Dec 15, 2016",8.24,8.24,7.72,7.83,13184400,715861000
528,"Dec 14, 2016",8.45,8.52,8.25,8.27,7337220,734382000
529,"Dec 13, 2016",8.52,8.53,8.35,8.42,4486190,740099000
530,"Dec 12, 2016",8.19,8.61,8.17,8.52,9119700,711348000
531,"Dec 11, 2016",8.13,8.27,8.1,8.19,5545500,705363000
532,"Dec 10, 2016",8.44,8.53,8.02,8.13,8108370,732173000
533,"Dec 09, 2016",8.17,8.67,8.05,8.45,12916300,708468000
534,"Dec 08, 2016",8.38,8.86,8.23,8.23,16042700,726878000
535,"Dec 07, 2016",7.89,8.54,7.33,8.38,22229600,684258000
536,"Dec 06, 2016",6.8,7.92,5.98,7.87,50671200,589548000
537,"Dec 05, 2016",7.41,7.64,6.66,6.82,17344500,641820000
538,"Dec 04, 2016",7.9,7.95,7.44,7.44,8450790,684258000
539,"Dec 03, 2016",7.77,8.15,7.67,7.92,12112100,672138000
540,"Dec 02, 2016",8.46,8.46,7.42,7.76,18579800,731520000
541,"Dec 01, 2016",8.6,8.65,8.36,8.45,5882340,743882000
542,"Nov 30, 2016",8.16,8.75,8.16,8.59,10626600,705040000
543,"Nov 29, 2016",8.73,8.74,7.88,8.17,17000400,754307000
544,"Nov 28, 2016",9.0,9.01,8.72,8.72,6046890,777311000
545,"Nov 27, 2016",9.31,9.33,8.78,9.0,8707660,804085000
546,"Nov 26, 2016",9.42,9.5,9.31,9.33,3505990,812795000
547,"Nov 25, 2016",9.23,9.75,9.21,9.4,7669720,796268000
548,"Nov 24, 2016",9.85,9.85,8.93,9.23,15987800,849229000
549,"Nov 23, 2016",9.92,9.96,9.76,9.84,4812310,855265000
550,"Nov 22, 2016",9.63,10.24,9.59,9.91,11284400,829616000
551,"Nov 21, 2016",9.58,9.64,9.54,9.62,3663210,825381000
552,"Nov 20, 2016",9.66,9.71,9.52,9.58,5173420,832050000
553,"Nov 19, 2016",9.48,9.75,9.48,9.66,5186540,816380000
554,"Nov 18, 2016",9.99,10.01,9.48,9.48,10816100,859571000
555,"Nov 17, 2016",10.06,10.19,9.92,9.99,6984700,865393000
556,"Nov 16, 2016",10.22,10.33,9.93,10.06,9533550,878610000
557,"Nov 15, 2016",9.97,10.32,9.85,10.22,6557550,857223000
558,"Nov 14, 2016",10.1,10.16,9.96,9.97,3573250,867755000
559,"Nov 13, 2016",9.89,10.41,9.84,10.1,8227770,849342000
560,"Nov 12, 2016",10.29,10.34,9.7,9.88,10052500,883780000
561,"Nov 11, 2016",10.51,10.57,10.26,10.29,6056300,902479000
562,"Nov 10, 2016",10.67,10.68,10.51,10.52,4253980,915940000
563,"Nov 09, 2016",10.82,10.83,10.22,10.66,14606600,928063000
564,"Nov 08, 2016",10.85,10.92,10.74,10.83,6258150,930345000
565,"Nov 07, 2016",10.9,10.96,10.78,10.81,5992480,934536000
566,"Nov 06, 2016",10.99,11.25,10.85,10.87,5688710,941729000
567,"Nov 05, 2016",11.09,11.24,10.88,11.0,5502670,950213000
568,"Nov 04, 2016",10.82,11.12,10.82,11.09,9958040,926129000
569,"Nov 03, 2016",10.8,11.11,10.76,10.8,15228600,924097000
570,"Nov 02, 2016",10.77,11.16,10.69,10.75,11691700,921691000
571,"Nov 01, 2016",10.96,11.18,10.3,10.77,22901300,937123000
572,"Oct 31, 2016",11.23,11.5,10.94,11.0,13393900,960008000
573,"Oct 30, 2016",10.43,11.45,10.29,11.18,16694900,891164000
574,"Oct 29, 2016",11.1,11.2,9.56,10.44,27070400,948271000
575,"Oct 28, 2016",11.47,11.58,10.95,11.09,13971500,979916000
576,"Oct 27, 2016",11.53,11.61,11.26,11.5,13255400,984361000
577,"Oct 26, 2016",11.38,11.66,11.38,11.53,10221800,971440000
578,"Oct 25, 2016",11.97,11.99,11.15,11.41,19316000,1020850000
579,"Oct 24, 2016",12.04,12.1,11.91,11.97,5739690,1026400000
580,"Oct 23, 2016",12.13,12.14,11.94,12.04,5774660,1033970000
581,"Oct 22, 2016",12.18,12.19,11.95,12.07,7583820,1037850000
582,"Oct 21, 2016",12.13,12.21,12.02,12.18,5676920,1033140000
583,"Oct 20, 2016",12.05,12.29,12.0,12.1,8170760,1025620000
584,"Oct 19, 2016",12.59,12.62,11.91,12.02,10576200,1071710000
585,"Oct 18, 2016",12.0,12.93,12.0,12.59,18864200,1020530000
586,"Oct 17, 2016",11.96,12.03,11.86,12.01,5724440,1016710000
587,"Oct 16, 2016",11.98,12.01,11.93,11.95,3617280,1018540000
588,"Oct 15, 2016",11.94,12.0,11.78,11.98,4991840,1014280000
589,"Oct 14, 2016",11.99,12.07,11.9,11.94,4333510,1018390000
590,"Oct 13, 2016",11.91,12.13,11.78,11.96,8665190,1011190000
591,"Oct 12, 2016",11.78,12.07,11.71,11.93,9694640,1000220000
592,"Oct 11, 2016",11.76,12.16,11.75,11.79,11727700,997949000
593,"Oct 10, 2016",12.06,12.06,11.62,11.76,10809200,1022860000
594,"Oct 09, 2016",12.22,12.36,11.98,12.05,7208480,1035590000
595,"Oct 08, 2016",12.67,12.69,12.05,12.22,11611200,1073990000
596,"Oct 07, 2016",12.85,12.99,12.53,12.67,8933050,1088570000
597,"Oct 06, 2016",13.03,13.14,12.69,12.85,12044800,1102940000
598,"Oct 05, 2016",13.28,13.35,13.04,13.04,9881370,1124270000
599,"Oct 04, 2016",13.45,13.53,13.21,13.28,8348280,1137980000
600,"Oct 03, 2016",13.2,13.49,13.19,13.45,7458320,1116600000
601,"Oct 02, 2016",13.18,13.3,13.14,13.2,4079660,1114200000
602,"Oct 01, 2016",13.2,13.31,13.05,13.17,6331160,1115690000
603,"Sep 30, 2016",13.08,13.34,13.02,13.22,5950840,1104530000
604,"Sep 29, 2016",13.28,13.34,13.07,13.07,5990630,1121060000
605,"Sep 28, 2016",13.11,13.48,13.08,13.27,10239000,1106330000
606,"Sep 27, 2016",12.86,13.21,12.86,13.1,6831070,1085330000
607,"Sep 26, 2016",13.17,13.17,12.74,12.82,7213070,1110700000
608,"Sep 25, 2016",12.85,13.11,12.8,13.1,5283440,1083510000
609,"Sep 24, 2016",13.32,13.34,12.68,12.88,9824880,1122670000
610,"Sep 23, 2016",13.21,13.45,13.1,13.33,9166430,1112590000
611,"Sep 22, 2016",13.66,13.66,12.48,13.25,27382800,1150650000
612,"Sep 21, 2016",14.43,14.43,13.17,13.77,28645000,1214950000
613,"Sep 20, 2016",13.21,14.43,13.12,14.43,31929100,1111810000
614,"Sep 19, 2016",12.44,13.19,12.42,13.19,13838800,1045870000
615,"Sep 18, 2016",12.69,12.99,12.16,12.43,22433300,1066620000
616,"Sep 17, 2016",12.56,12.76,12.44,12.7,7446610,1055440000
617,"Sep 16, 2016",11.96,12.75,11.9,12.56,17421500,1004740000
618,"Sep 15, 2016",11.94,12.14,11.92,11.94,7309090,1002970000
619,"Sep 14, 2016",11.9,12.0,11.86,11.92,5694820,999352000
620,"Sep 13, 2016",11.89,12.09,11.88,11.92,11704300,997638000
621,"Sep 12, 2016",11.64,11.95,11.61,11.89,7478080,976645000
622,"Sep 11, 2016",12.21,12.21,11.59,11.64,8791180,1023640000
623,"Sep 10, 2016",11.66,12.22,11.54,12.17,7220300,977515000
624,"Sep 09, 2016",11.41,11.68,11.39,11.65,6109200,956210000
625,"Sep 08, 2016",11.55,11.7,11.25,11.35,11535000,967010000
626,"Sep 07, 2016",11.69,11.73,11.52,11.55,6115050,979087000
627,"Sep 06, 2016",11.73,11.73,11.47,11.69,6346330,981303000
628,"Sep 05, 2016",11.68,11.81,11.59,11.72,5724100,977169000
629,"Sep 04, 2016",11.75,11.79,11.47,11.68,7220550,982952000
630,"Sep 03, 2016",12.11,12.36,11.35,11.76,13358800,1012580000
631,"Sep 02, 2016",11.96,12.31,11.88,12.11,9368300,999757000
632,"Sep 01, 2016",11.67,12.58,11.65,11.99,24051500,974844000
633,"Aug 31, 2016",11.24,11.68,11.18,11.67,11073700,938406000
634,"Aug 30, 2016",10.99,11.3,10.96,11.23,7221260,917474000
635,"Aug 29, 2016",10.92,11.15,10.79,10.98,8130540,910698000
636,"Aug 28, 2016",11.15,11.15,10.92,10.93,5303040,929690000
637,"Aug 27, 2016",11.29,11.29,11.14,11.15,15108400,941585000
638,"Aug 26, 2016",11.35,11.45,11.21,11.3,5857850,946092000
639,"Aug 25, 2016",11.03,11.39,11.02,11.36,8552380,918977000
640,"Aug 24, 2016",11.02,11.15,11.01,11.04,4423420,918039000
641,"Aug 23, 2016",11.14,11.23,10.9,11.03,6489380,927065000
642,"Aug 22, 2016",11.19,11.34,11.07,11.12,6588920,930708000
643,"Aug 21, 2016",11.25,11.25,10.99,11.18,4355660,936015000
644,"Aug 20, 2016",10.75,11.3,10.75,11.25,7443540,893814000
645,"Aug 19, 2016",10.75,10.8,10.73,10.75,5390850,893156000
646,"Aug 18, 2016",10.75,11.01,10.74,10.76,6935800,892903000
647,"Aug 17, 2016",11.13,11.15,10.75,10.75,8833760,924591000
648,"Aug 16, 2016",11.23,11.24,11.0,11.14,7051510,932162000
649,"Aug 15, 2016",11.2,11.31,11.0,11.22,7500840,929558000
650,"Aug 14, 2016",11.58,11.69,11.1,11.19,8680160,960855000
651,"Aug 13, 2016",11.77,11.79,11.51,11.57,7539490,975999000
652,"Aug 12, 2016",11.69,12.04,11.64,11.78,13690100,968865000
653,"Aug 11, 2016",12.14,12.27,11.63,11.69,17505000,1005720000
654,"Aug 10, 2016",12.23,12.46,11.98,12.14,28096300,1012910000
655,"Aug 09, 2016",11.27,12.45,11.2,12.24,36656600,933431000
656,"Aug 08, 2016",10.91,11.33,10.86,11.25,14956700,903184000
657,"Aug 07, 2016",10.86,11.09,10.78,10.91,16551000,898340000
658,"Aug 06, 2016",10.92,10.94,10.29,10.88,16712600,902752000
659,"Aug 05, 2016",11.02,11.18,10.76,10.93,15487900,910856000
660,"Aug 04, 2016",10.31,11.29,10.16,11.04,38151400,851992000
661,"Aug 03, 2016",8.88,10.42,8.88,10.29,53979400,733204000
662,"Aug 02, 2016",10.95,11.14,8.2,8.79,88803300,903978000
663,"Aug 01, 2016",11.89,12.01,10.94,10.94,23999500,981735000
664,"Jul 31, 2016",12.44,12.51,11.55,11.88,25441400,1026310000
665,"Jul 30, 2016",12.8,12.8,12.46,12.46,9047810,1055410000
666,"Jul 29, 2016",12.84,12.87,12.55,12.79,14082300,1058220000
667,"Jul 28, 2016",12.98,12.99,12.49,12.84,24603900,1069560000
668,"Jul 27, 2016",12.05,13.31,11.84,12.97,58278800,992645000
669,"Jul 26, 2016",13.82,13.85,11.73,11.99,94428800,1137660000
670,"Jul 25, 2016",12.74,13.86,12.68,13.84,36673800,1048920000
671,"Jul 24, 2016",14.3,14.44,12.32,12.75,77750800,1176250000
672,"Jul 23, 2016",14.67,14.9,14.05,14.3,32489700,1206190000
673,"Jul 22, 2016",12.66,14.81,12.54,14.66,74779500,1040640000
674,"Jul 21, 2016",12.46,12.71,11.99,12.65,24636900,1024000000
675,"Jul 20, 2016",11.59,12.99,11.57,12.45,60226100,952143000
676,"Jul 19, 2016",11.05,12.01,11.01,11.62,21730000,907135000
677,"Jul 18, 2016",11.17,11.61,10.95,11.03,15931900,917151000
678,"Jul 17, 2016",11.62,11.67,11.01,11.16,17921600,953762000
679,"Jul 16, 2016",11.92,11.94,11.59,11.65,10445700,977658000
680,"Jul 15, 2016",11.5,12.43,11.49,11.95,26838900,942817000
681,"Jul 14, 2016",10.6,11.68,10.6,11.51,23621900,868509000
682,"Jul 13, 2016",10.51,10.59,10.4,10.5,6715660,860770000
683,"Jul 12, 2016",10.45,10.76,10.43,10.52,11127700,855555000
684,"Jul 11, 2016",10.94,11.01,10.26,10.46,13098000,895670000
685,"Jul 10, 2016",10.96,11.01,10.78,10.95,5479240,896899000
686,"Jul 09, 2016",11.42,11.46,10.73,10.97,17254800,933946000
687,"Jul 08, 2016",10.12,11.52,9.96,11.39,20039800,827090000
688,"Jul 07, 2016",10.54,10.57,9.8,10.11,15407200,861144000
689,"Jul 06, 2016",10.58,11.11,10.28,10.53,18137300,864063000
690,"Jul 05, 2016",11.46,11.52,9.58,10.61,45526900,935730000
691,"Jul 04, 2016",11.7,11.88,11.39,11.47,12943500,954849000
692,"Jul 03, 2016",12.12,12.15,11.59,11.72,10588700,989132000
693,"Jul 02, 2016",12.22,12.22,11.95,12.13,8987070,996510000
694,"Jul 01, 2016",12.44,12.49,11.73,12.2,17236500,1014220000
695,"Jun 30, 2016",12.6,12.74,12.25,12.46,15801300,1027260000
696,"Jun 29, 2016",12.17,13.04,11.69,12.61,26982800,991926000
697,"Jun 28, 2016",13.93,13.98,11.72,12.18,43436600,1134340000
698,"Jun 27, 2016",13.81,14.12,13.75,13.88,10994700,1124170000
699,"Jun 26, 2016",14.26,14.37,13.66,13.85,14747600,1160590000
700,"Jun 25, 2016",14.3,14.58,14.02,14.28,15383100,1163530000
701,"Jun 24, 2016",13.68,14.57,13.22,14.33,33332900,1112590000
702,"Jun 23, 2016",13.22,13.79,12.56,13.68,30806400,1074240000
703,"Jun 22, 2016",13.2,15.79,13.1,13.1,96994100,1072510000
704,"Jun 21, 2016",11.82,13.42,11.29,13.31,69245600,960014000
705,"Jun 20, 2016",12.24,12.45,10.52,11.84,58143600,993503000
706,"Jun 19, 2016",11.17,13.18,10.64,12.23,69783600,906292000
707,"Jun 18, 2016",15.38,15.38,9.96,11.33,133937000,1247530000
708,"Jun 17, 2016",20.65,21.52,13.57,15.38,199408000,1674540000
709,"Jun 16, 2016",18.36,20.83,18.36,20.59,38531000,1488420000
710,"Jun 15, 2016",18.91,18.91,17.71,18.35,19393400,1531790000
711,"Jun 14, 2016",17.61,19.27,17.3,18.89,64412200,1426500000
712,"Jun 13, 2016",15.77,17.64,15.72,17.6,38023400,1276930000
713,"Jun 12, 2016",14.19,15.9,14.19,15.74,38210300,1148070000
714,"Jun 11, 2016",13.91,14.19,13.72,14.19,12176500,1125180000
715,"Jun 10, 2016",14.38,14.43,13.82,13.91,11312900,1162500000
716,"Jun 09, 2016",14.43,14.57,14.34,14.4,8256830,1166450000
717,"Jun 08, 2016",14.51,14.78,14.28,14.42,16941800,1172230000
718,"Jun 07, 2016",13.95,14.51,13.81,14.51,21421600,1126330000
719,"Jun 06, 2016",14.0,14.06,13.73,13.93,8720400,1130350000
720,"Jun 05, 2016",13.76,14.07,13.57,13.97,11088400,1110690000
721,"Jun 04, 2016",13.86,13.95,13.42,13.74,15792400,1118460000
722,"Jun 03, 2016",13.74,13.87,13.25,13.85,22981500,1108220000
723,"Jun 02, 2016",13.99,14.05,13.63,13.74,10477200,1127830000
724,"Jun 01, 2016",14.11,14.32,13.44,14.0,22471300,1136900000
725,"May 31, 2016",12.74,14.27,12.64,14.08,42433400,1026410000
726,"May 30, 2016",12.33,12.88,12.27,12.73,14733800,992329000
727,"May 29, 2016",12.11,12.69,11.78,12.35,28598400,974784000
728,"May 28, 2016",11.33,12.36,10.37,11.89,47274800,911724000
729,"May 27, 2016",12.39,12.39,10.5,11.3,57496400,996293000
730,"May 26, 2016",12.52,12.99,12.06,12.43,20764000,1006080000
731,"May 25, 2016",12.79,12.9,11.77,12.53,27444700,1027940000
732,"May 24, 2016",13.31,13.77,12.01,12.73,41560600,1068670000
733,"May 23, 2016",14.28,14.49,13.19,13.46,23842800,1146470000
734,"May 22, 2016",14.04,14.35,13.77,14.29,17938900,1126810000
735,"May 21, 2016",13.69,14.05,13.12,14.02,24648400,1098220000
736,"May 20, 2016",14.85,15.05,13.38,13.64,50544100,1191080000
737,"May 19, 2016",13.54,14.87,13.34,14.77,53757500,1085570000
738,"May 18, 2016",12.18,14.26,12.18,13.56,65389900,975878000
739,"May 17, 2016",11.19,12.49,11.15,12.2,37198700,896505000
740,"May 16, 2016",9.97,11.44,9.97,11.17,29079900,798116000
741,"May 15, 2016",10.24,10.44,9.93,9.96,9218400,819399000
742,"May 14, 2016",10.51,10.62,9.81,10.24,18808000,840395000
743,"May 13, 2016",10.06,11.05,10.02,10.51,31276900,804647000
744,"May 12, 2016",10.0,10.51,9.86,10.06,24137700,798952000
745,"May 11, 2016",9.43,10.01,9.39,10.0,15267500,753600000
746,"May 10, 2016",9.28,9.48,9.26,9.36,9321790,741417000
747,"May 09, 2016",9.49,9.64,9.2,9.3,13085300,758000000
748,"May 08, 2016",9.37,9.6,8.93,9.48,15031000,748030000
749,"May 07, 2016",9.32,9.48,9.21,9.37,10806500,743166000
750,"May 06, 2016",9.81,9.95,9.04,9.35,21510600,782261000
751,"May 05, 2016",9.4,10.05,9.29,9.83,18296200,749038000
752,"May 04, 2016",9.38,10.03,9.27,9.41,17622400,747638000
753,"May 03, 2016",10.17,10.17,9.28,9.31,21463900,809644000
754,"May 02, 2016",8.89,10.32,8.85,10.16,41019200,708137000
755,"May 01, 2016",8.78,9.01,8.43,8.85,16713800,698377000
756,"Apr 30, 2016",7.45,9.37,7.45,8.81,36573300,592992000
757,"Apr 29, 2016",7.21,7.73,7.17,7.46,8762080,573124000
758,"Apr 28, 2016",7.74,7.91,7.17,7.17,11576000,615316000
759,"Apr 27, 2016",7.39,7.97,7.32,7.76,19254500,587076000
760,"Apr 26, 2016",7.53,7.55,7.06,7.4,17667300,597819000
761,"Apr 25, 2016",8.01,8.09,7.24,7.55,18239900,635784000
762,"Apr 24, 2016",8.29,8.47,7.96,8.0,10786400,658203000
763,"Apr 23, 2016",7.79,8.55,7.74,8.29,14565200,618147000
764,"Apr 22, 2016",8.15,8.27,7.67,7.82,13309300,646298000
765,"Apr 21, 2016",8.45,8.72,7.96,8.1,13355400,670104000
766,"Apr 20, 2016",8.69,8.83,8.31,8.47,15634700,688434000
767,"Apr 19, 2016",9.08,9.31,8.6,8.71,12899100,718825000
768,"Apr 18, 2016",9.33,9.51,8.5,9.04,21084100,738916000
769,"Apr 17, 2016",8.62,9.7,8.56,9.31,24619600,682467000
770,"Apr 16, 2016",8.24,8.65,8.11,8.61,9888460,651554000
771,"Apr 15, 2016",8.39,8.62,8.1,8.24,12179000,663169000
772,"Apr 14, 2016",8.08,8.76,8.02,8.39,13590700,638330000
773,"Apr 13, 2016",7.44,8.72,7.07,8.04,31403300,587994000
774,"Apr 12, 2016",8.64,8.64,7.15,7.44,23190100,682395000
775,"Apr 11, 2016",8.94,8.95,8.0,8.64,15138100,706074000
776,"Apr 10, 2016",9.15,9.22,7.46,8.94,42613400,722133000
777,"Apr 09, 2016",9.69,10.09,9.07,9.15,16194800,764797000
778,"Apr 08, 2016",10.08,10.39,9.66,9.72,14660600,794705000
779,"Apr 07, 2016",10.7,10.81,9.95,10.07,13464500,843091000
780,"Apr 06, 2016",10.45,10.97,10.28,10.69,16997100,823420000
781,"Apr 05, 2016",11.21,11.21,10.13,10.44,20557300,883170000
782,"Apr 04, 2016",11.62,11.62,11.02,11.16,9599070,914560000
783,"Apr 03, 2016",11.63,11.71,11.51,11.62,5580550,915175000
784,"Apr 02, 2016",11.63,11.69,11.4,11.6,8682620,914995000
785,"Apr 01, 2016",11.4,11.85,11.4,11.66,11373100,896537000
786,"Mar 31, 2016",11.92,12.01,11.32,11.4,14966700,936992000
787,"Mar 30, 2016",11.61,12.18,11.47,11.95,19351200,911902000
788,"Mar 29, 2016",11.75,11.91,11.35,11.66,17684200,923114000
789,"Mar 28, 2016",10.43,11.86,10.41,11.67,23188300,819007000
790,"Mar 27, 2016",10.99,11.05,10.11,10.42,16744800,862211000
791,"Mar 26, 2016",10.77,11.18,10.59,10.97,9425480,844742000
792,"Mar 25, 2016",11.26,11.37,10.53,10.74,13782000,883012000
793,"Mar 24, 2016",12.44,12.5,10.8,11.23,26081800,975295000
794,"Mar 23, 2016",11.33,12.43,11.24,12.42,19353200,887595000
795,"Mar 22, 2016",11.88,12.03,11.18,11.27,19730300,929610000
796,"Mar 21, 2016",10.3,12.01,10.16,11.86,28572600,805997000
797,"Mar 20, 2016",10.52,10.9,9.57,10.32,17651100,822297000
798,"Mar 19, 2016",11.2,11.2,9.78,10.53,26735700,875689000
799,"Mar 18, 2016",11.11,11.18,8.52,11.0,53956800,867949000
800,"Mar 17, 2016",12.56,12.64,10.44,11.08,41650600,977389000
801,"Mar 16, 2016",13.02,13.73,12.5,12.52,24335500,1013020000
802,"Mar 15, 2016",13.0,13.2,12.05,13.01,28404500,1011090000
803,"Mar 14, 2016",14.51,15.01,11.58,12.45,58385100,1128180000
804,"Mar 13, 2016",13.51,15.26,13.47,14.47,43915100,1049930000
805,"Mar 12, 2016",11.13,13.53,11.09,13.53,48957300,864733000
806,"Mar 11, 2016",11.22,11.6,10.39,11.08,21002700,871511000
807,"Mar 10, 2016",11.88,12.24,10.99,11.3,26851500,922452000
808,"Mar 09, 2016",9.79,12.05,9.67,11.9,27540500,760017000
809,"Mar 08, 2016",9.58,10.17,8.82,9.85,25524300,743456000
810,"Mar 07, 2016",11.43,11.65,9.31,9.55,34085100,886447000
811,"Mar 06, 2016",11.2,11.84,9.99,11.38,39112000,868736000
812,"Mar 05, 2016",10.37,12.27,9.97,11.0,56439600,803827000
813,"Mar 04, 2016",9.24,10.41,8.48,10.41,35520100,716027000
814,"Mar 03, 2016",8.44,10.1,8.33,9.29,40314900,653959000
815,"Mar 02, 2016",7.63,8.75,7.37,8.47,29130200,591078000
816,"Mar 01, 2016",6.32,7.91,6.31,7.65,23098100,489188000
817,"Feb 29, 2016",6.46,6.61,6.05,6.34,7648020,499587000
818,"Feb 28, 2016",6.41,6.62,6.24,6.47,9851660,495545000
819,"Feb 27, 2016",5.96,6.53,5.92,6.43,8903210,461169000
820,"Feb 26, 2016",6.04,6.27,5.74,5.92,9526860,466797000
821,"Feb 25, 2016",6.19,6.65,5.55,6.1,21471800,478149000
822,"Feb 24, 2016",5.6,6.24,5.51,6.24,11426500,432977000
823,"Feb 23, 2016",5.68,5.95,5.39,5.59,13380600,439084000
824,"Feb 22, 2016",4.66,5.65,4.64,5.62,15056200,360185000
825,"Feb 21, 2016",4.36,4.71,4.23,4.65,6413550,336572000
826,"Feb 20, 2016",4.68,4.75,4.13,4.34,8631090,361281000
827,"Feb 19, 2016",4.38,4.79,4.27,4.74,7666320,338222000
828,"Feb 18, 2016",3.77,4.77,3.42,4.4,17054000,291068000
829,"Feb 17, 2016",4.29,4.77,3.5,3.76,15451000,330635000
830,"Feb 16, 2016",5.33,5.47,4.03,4.32,15889100,410605000
831,"Feb 15, 2016",5.33,5.89,5.02,5.29,13934200,410643000
832,"Feb 14, 2016",5.4,5.47,4.45,5.24,11226500,416193000
833,"Feb 13, 2016",5.69,5.72,4.19,5.39,24218800,437667000
834,"Feb 12, 2016",5.95,6.58,5.07,5.55,23360800,457618000
835,"Feb 11, 2016",4.5,6.29,4.34,6.01,26408200,345964000
836,"Feb 10, 2016",4.0,4.86,3.78,4.44,28640400,307684000
837,"Feb 09, 2016",3.17,4.04,3.17,4.04,17954000,244110000
838,"Feb 08, 2016",2.97,3.27,2.88,3.18,9725690,228504000
839,"Feb 07, 2016",2.54,3.06,2.54,2.96,7007060,194884000
840,"Feb 06, 2016",2.53,2.56,2.47,2.53,1921240,194621000
841,"Feb 05, 2016",2.57,2.61,2.47,2.54,2636700,197363000
842,"Feb 04, 2016",2.53,2.63,2.44,2.58,3552320,194126000
843,"Feb 03, 2016",2.43,2.54,2.34,2.53,3987750,186609000
844,"Feb 02, 2016",2.22,2.45,2.16,2.44,3451270,169923000
845,"Feb 01, 2016",2.32,2.32,2.12,2.21,3994100,177881000
846,"Jan 31, 2016",2.44,2.53,2.19,2.31,5847500,187289000
847,"Jan 30, 2016",2.51,2.61,2.4,2.45,3725080,192176000
848,"Jan 29, 2016",2.54,2.61,2.3,2.49,6662340,194815000
849,"Jan 28, 2016",2.41,2.68,2.34,2.53,4903850,184294000
850,"Jan 27, 2016",2.25,2.59,2.19,2.39,6961080,172061000
851,"Jan 26, 2016",2.53,2.84,1.99,2.28,13939200,193838000
852,"Jan 25, 2016",2.15,2.66,2.06,2.5,10739300,164313000
853,"Jan 24, 2016",1.9,2.3,1.9,2.14,9669770,145358000
854,"Jan 23, 2016",1.5,2.03,1.5,1.97,7370980,115002000
855,"Jan 22, 2016",1.55,1.58,1.47,1.5,1567240,118244000
856,"Jan 21, 2016",1.53,1.59,1.49,1.55,1614960,117111000
857,"Jan 20, 2016",1.36,1.62,1.35,1.53,2933220,104124000
858,"Jan 19, 2016",1.42,1.46,1.31,1.37,2446740,108628000
859,"Jan 18, 2016",1.33,1.54,1.32,1.43,4278930,101699000
860,"Jan 17, 2016",1.22,1.33,1.21,1.33,1171150,93207300
861,"Jan 16, 2016",1.22,1.31,1.17,1.22,2462630,93099400
862,"Jan 15, 2016",1.18,1.32,1.14,1.21,3910550,90321700
863,"Jan 14, 2016",1.12,1.19,1.1,1.19,751961,85539300
864,"Jan 13, 2016",1.14,1.15,1.08,1.13,1005910,86530000
865,"Jan 12, 2016",1.07,1.28,1.05,1.14,2898760,81217300
866,"Jan 11, 2016",0.999216,1.07,0.999216,1.06,1011920,76096500
867,"Jan 10, 2016",0.985557,1.0,0.9750989999999999,0.999231,390888,75031200
868,"Jan 09, 2016",0.9855010000000001,0.992345,0.9736,0.986833,226281,75001800
869,"Jan 08, 2016",0.942752,0.991825,0.939715,0.9867889999999999,545600,71724000
870,"Jan 07, 2016",0.955801,0.9746229999999999,0.9358299999999999,0.942005,647462,72692900
871,"Jan 06, 2016",0.9500280000000001,0.960659,0.935708,0.95086,308791,72229700
872,"Jan 05, 2016",0.953147,0.9705969999999999,0.946543,0.950176,219833,72442400
873,"Jan 04, 2016",0.972045,0.9764379999999999,0.9298350000000001,0.9544799999999999,346245,73853900
874,"Jan 03, 2016",0.9384299999999999,0.9913620000000001,0.934313,0.9719049999999999,407632,71275900
875,"Jan 02, 2016",0.947401,0.9696370000000001,0.9365600000000001,0.937124,255504,71933100
876,"Jan 01, 2016",0.9337120000000001,0.954822,0.931442,0.948024,206062,70870900
877,"Dec 31, 2015",0.912098,0.9754139999999999,0.910277,0.933542,663994,69207400
878,"Dec 30, 2015",0.874258,0.941099,0.866647,0.911958,604078,66314200
879,"Dec 29, 2015",0.843835,0.8730540000000001,0.833232,0.8730540000000001,215742,63985600
880,"Dec 28, 2015",0.8563559999999999,0.872394,0.832932,0.8450049999999999,235134,64913200
881,"Dec 27, 2015",0.853166,0.8615379999999999,0.841151,0.8563649999999999,164565,64650000
882,"Dec 26, 2015",0.870766,0.8974530000000001,0.8383139999999999,0.8546030000000001,425282,65961900
883,"Dec 25, 2015",0.861993,0.8825559999999999,0.861993,0.8703629999999999,187114,65275400
884,"Dec 24, 2015",0.859433,0.882818,0.8476,0.8632620000000001,354646,65060000
885,"Dec 23, 2015",0.8617819999999999,0.88294,0.856065,0.8580770000000001,334993,65215800
886,"Dec 22, 2015",0.8949729999999999,0.9095260000000001,0.862059,0.864202,454249,67704600
887,"Dec 21, 2015",0.906065,0.9173899999999999,0.8911819999999999,0.9007709999999999,549113,68521200
888,"Dec 20, 2015",0.9082399999999999,0.943185,0.8994409999999999,0.903885,472164,68663100
889,"Dec 19, 2015",0.921524,0.925874,0.888916,0.9080719999999999,343535,69644200
890,"Dec 18, 2015",0.938327,0.939493,0.9080809999999999,0.920127,300787,70890600
891,"Dec 17, 2015",0.993043,0.997611,0.9118069999999999,0.940701,640765,74999300
892,"Dec 16, 2015",1.02,1.02,0.9749270000000001,0.991182,320767,76791600
893,"Dec 15, 2015",0.9905889999999999,1.03,0.98224,1.01,578618,74764100
894,"Dec 14, 2015",0.95662,1.01,0.9501780000000001,0.993022,563436,72176400
895,"Dec 13, 2015",0.9715379999999999,0.989394,0.9374379999999999,0.9528840000000001,273614,73276400
896,"Dec 12, 2015",0.9311959999999999,1.05,0.9285459999999999,0.976973,1376280,70210000
897,"Dec 11, 2015",0.839995,0.9297620000000001,0.819789,0.9297620000000001,801072,63312400
898,"Dec 10, 2015",0.7955899999999999,0.86159,0.787291,0.8403959999999999,369589,59945000
899,"Dec 09, 2015",0.8244540000000001,0.8244540000000001,0.7704880000000001,0.792167,624221,62098400
900,"Dec 08, 2015",0.806024,0.8236450000000001,0.782328,0.822118,445903,60690400
901,"Dec 07, 2015",0.8363219999999999,0.850791,0.78765,0.811264,520409,62950900
902,"Dec 06, 2015",0.866417,0.8824360000000001,0.8331149999999999,0.8355,443608,65194900
903,"Dec 05, 2015",0.841195,0.872821,0.8244440000000001,0.8624379999999999,232743,63276000
904,"Dec 04, 2015",0.812082,0.859575,0.802373,0.840041,241278,61065700
905,"Dec 03, 2015",0.818546,0.837664,0.785086,0.8121430000000001,539969,61530500
906,"Dec 02, 2015",0.8731709999999999,0.878017,0.818924,0.82121,506307,65615700
907,"Dec 01, 2015",0.878316,0.8867360000000001,0.8539370000000001,0.8748,652857,65980000
908,"Nov 30, 2015",0.879951,0.8950540000000001,0.8476959999999999,0.8731190000000001,784439,66080400
909,"Nov 29, 2015",0.9141440000000001,0.9141530000000001,0.860533,0.8786139999999999,448358,68625100
910,"Nov 28, 2015",0.868102,0.929293,0.8621219999999999,0.915703,462464,65147000
911,"Nov 27, 2015",0.8821,0.900051,0.8606950000000001,0.867951,403813,66174600
912,"Nov 26, 2015",0.863273,0.903643,0.8043600000000001,0.8841829999999999,947473,64740900
913,"Nov 25, 2015",0.893827,0.899493,0.8511059999999999,0.8635370000000001,622991,67010200
914,"Nov 24, 2015",0.946442,0.948055,0.8959309999999999,0.900191,524195,70931100
915,"Nov 23, 2015",0.967493,0.969057,0.9338700000000001,0.9469690000000001,441875,72484200
916,"Nov 22, 2015",0.979765,0.984132,0.958982,0.968018,372173,73378800
917,"Nov 21, 2015",0.928758,0.978743,0.92094,0.97614,455976,69535300
918,"Nov 20, 2015",0.955735,0.955735,0.898576,0.9249200000000001,614335,71532500
919,"Nov 19, 2015",0.988713,1.01,0.9374979999999999,0.9555319999999999,443528,73976100
920,"Nov 18, 2015",0.9932139999999999,1.01,0.940516,0.9933190000000001,681104,74287700
921,"Nov 17, 2015",0.924948,1.03,0.9057940000000001,1.01,1145440,69157900
922,"Nov 16, 2015",0.906166,0.944732,0.891971,0.9289620000000001,620945,67730700
923,"Nov 15, 2015",0.891217,0.921516,0.874957,0.9063680000000001,411848,66590200
924,"Nov 14, 2015",0.9054690000000001,0.906113,0.876908,0.888812,372514,67631900
925,"Nov 13, 2015",0.9077219999999999,0.917309,0.846023,0.9040959999999999,543671,67777000
926,"Nov 12, 2015",0.796455,0.913919,0.76351,0.895711,806156,59448700
927,"Nov 11, 2015",0.9412959999999999,0.9452780000000001,0.729775,0.791829,1278580,70236200
928,"Nov 10, 2015",1.0,1.05,0.920968,0.934348,854581,74685300
929,"Nov 09, 2015",1.03,1.11,0.945263,0.9992780000000001,2045290,76991800
930,"Nov 08, 2015",0.9156610000000001,1.03,0.9156610000000001,1.03,1021460,68254300
931,"Nov 07, 2015",0.923732,0.943787,0.863539,0.927974,890187,68833200
932,"Nov 06, 2015",0.9047719999999999,0.989848,0.852929,0.926032,913666,67397100
933,"Nov 05, 2015",0.900699,0.991259,0.860382,0.8956370000000001,1179840,67070700
934,"Nov 04, 2015",1.01,1.04,0.725665,0.89905,3060340,75232400
935,"Nov 03, 2015",0.994568,1.07,0.936615,1.01,1907690,74010000
936,"Nov 02, 2015",1.06,1.1,0.9536469999999999,0.9897889999999999,1145200,78701400
937,"Nov 01, 2015",0.920847,1.08,0.8990819999999999,1.06,588913,68477200
938,"Oct 31, 2015",1.05,1.06,0.9001709999999999,0.9166270000000001,673892,77800300
939,"Oct 30, 2015",1.21,1.35,0.96816,1.04,2429200,89857400
940,"Oct 29, 2015",1.01,1.21,0.9473739999999999,1.21,2279240,74675600
941,"Oct 28, 2015",0.8709379999999999,1.06,0.8078569999999999,1.0,2373050,64676600
942,"Oct 27, 2015",0.7088899999999999,0.898172,0.7088899999999999,0.869641,1846370,52624300
943,"Oct 26, 2015",0.619743,0.757517,0.5970979999999999,0.731317,1089120,45991300
944,"Oct 25, 2015",0.563207,0.688192,0.561383,0.616039,635384,41781300
945,"Oct 24, 2015",0.5396810000000001,0.577396,0.518688,0.5635899999999999,258356,40022100
946,"Oct 23, 2015",0.5663699999999999,0.611743,0.5042840000000001,0.5396569999999999,878822,41986400
947,"Oct 22, 2015",0.444988,0.619466,0.420991,0.567702,924822,32977300
948,"Oct 21, 2015",0.43158900000000006,0.48298800000000003,0.420897,0.447329,609085,31973600
949,"Oct 20, 2015",0.489629,0.501898,0.431648,0.434829,383921,36261200
950,"Oct 19, 2015",0.517621,0.521546,0.480994,0.48901400000000006,243742,38321300
951,"Oct 18, 2015",0.547913,0.552234,0.512861,0.517734,133690,40550400
952,"Oct 17, 2015",0.534117,0.5634600000000001,0.526961,0.5471779999999999,313860,39515900
953,"Oct 16, 2015",0.562593,0.568861,0.522533,0.5364949999999999,249891,41608900
954,"Oct 15, 2015",0.523278,0.5727140000000001,0.51473,0.561878,371022,38688300
955,"Oct 14, 2015",0.61224,0.61224,0.48397399999999996,0.522968,971664,45250600
956,"Oct 13, 2015",0.627943,0.6302399999999999,0.599214,0.6076550000000001,303044,46395200
957,"Oct 12, 2015",0.6345149999999999,0.6577890000000001,0.62603,0.62603,109567,46864200
958,"Oct 11, 2015",0.6274609999999999,0.639506,0.6183350000000001,0.634963,102128,46327500
959,"Oct 10, 2015",0.641187,0.649022,0.624374,0.627857,141555,47325200
960,"Oct 09, 2015",0.655084,0.692296,0.632116,0.650628,386420,48334900
961,"Oct 08, 2015",0.6095010000000001,0.633138,0.591971,0.6217159999999999,310266,44955900
962,"Oct 07, 2015",0.650515,0.656301,0.6024229999999999,0.609388,218327,47964700
963,"Oct 06, 2015",0.622218,0.653944,0.60623,0.650645,262674,45863300
964,"Oct 05, 2015",0.666784,0.674438,0.62445,0.6286430000000001,234263,49131600
965,"Oct 04, 2015",0.686343,0.693126,0.660716,0.668379,103497,50556000
966,"Oct 03, 2015",0.678783,0.709204,0.6754819999999999,0.687171,163326,49981900
967,"Oct 02, 2015",0.683732,0.69112,0.654605,0.678574,219318,50328700
968,"Oct 01, 2015",0.7343069999999999,0.7343069999999999,0.655906,0.6902149999999999,596084,54032300
969,"Sep 30, 2015",0.661192,0.746722,0.635861,0.738644,619926,48636600
970,"Sep 29, 2015",0.579414,0.67583,0.558346,0.661146,913992,42607700
971,"Sep 28, 2015",0.723715,0.725677,0.557062,0.582886,1320890,53201800
972,"Sep 27, 2015",0.791277,0.791277,0.719169,0.720839,413801,58149600
973,"Sep 26, 2015",0.73763,0.7875439999999999,0.709328,0.785964,369620,54188900
974,"Sep 25, 2015",0.820031,0.825665,0.712745,0.736223,903457,60221400
975,"Sep 24, 2015",0.8967959999999999,0.9085709999999999,0.79346,0.81361,842505,65836400
976,"Sep 23, 2015",0.90356,0.90891,0.885136,0.8934059999999999,200541,66309600
977,"Sep 22, 2015",0.9193370000000001,0.9193370000000001,0.865225,0.9017959999999999,487914,67444200
978,"Sep 21, 2015",0.9414959999999999,0.957326,0.878301,0.919047,424039,69045900
979,"Sep 20, 2015",0.881191,0.947741,0.8732049999999999,0.9384450000000001,508314,64600000
980,"Sep 19, 2015",0.8496030000000001,0.911883,0.833784,0.882391,386988,62262700
981,"Sep 18, 2015",0.874574,0.8881020000000001,0.833908,0.853685,484622,64071300
982,"Sep 17, 2015",0.9068649999999999,0.9092040000000001,0.831132,0.874231,897940,66415200
983,"Sep 16, 2015",0.9419770000000001,0.9526979999999999,0.901639,0.907175,615593,68963300
984,"Sep 15, 2015",0.875189,1.05,0.875189,0.9444100000000001,703390,64052400
985,"Sep 14, 2015",0.940566,0.9493870000000001,0.8717600000000001,0.8756219999999999,741085,68814400
986,"Sep 13, 2015",1.04,1.04,0.902832,0.936003,644138,76193600
987,"Sep 12, 2015",0.9872280000000001,1.11,0.96978,1.04,772430,72179000
988,"Sep 11, 2015",1.16,1.17,0.940675,0.982978,1942600,85144300
989,"Sep 10, 2015",1.21,1.22,1.14,1.17,662782,88230500
990,"Sep 09, 2015",1.24,1.26,1.2,1.21,366748,90518300
991,"Sep 08, 2015",1.25,1.28,1.23,1.24,427892,91020700
992,"Sep 07, 2015",1.3,1.31,1.24,1.25,489014,94585300
993,"Sep 06, 2015",1.34,1.37,1.29,1.3,491968,97625500
994,"Sep 05, 2015",1.28,1.34,1.27,1.34,448453,93402300
995,"Sep 04, 2015",1.26,1.3,1.24,1.27,474391,92234100
996,"Sep 03, 2015",1.3,1.31,1.21,1.26,702991,94418700
997,"Sep 02, 2015",1.35,1.35,1.26,1.29,883769,98504600
998,"Sep 01, 2015",1.35,1.39,1.34,1.35,778862,98617200
999,"Aug 31, 2015",1.32,1.4,1.2,1.36,1447180,96251000
1000,"Aug 30, 2015",1.18,1.37,1.17,1.32,1337650,86145900
1001,"Aug 29, 2015",1.19,1.21,1.15,1.18,375377,86887600
1002,"Aug 28, 2015",1.15,1.21,1.12,1.19,721872,83521700
1003,"Aug 27, 2015",1.17,1.19,1.14,1.15,686662,85106100
1004,"Aug 26, 2015",1.13,1.2,1.06,1.16,1056750,82384400
1005,"Aug 25, 2015",1.23,1.24,1.13,1.14,1307180,89321900
1006,"Aug 24, 2015",1.35,1.36,1.23,1.23,924920,97791600
1007,"Aug 23, 2015",1.38,1.41,1.3,1.35,1589300,99894500
1008,"Aug 22, 2015",1.4,1.48,1.35,1.38,948310,101404000
1009,"Aug 21, 2015",1.48,1.56,1.35,1.4,2020970,107266000
1010,"Aug 20, 2015",1.25,1.53,1.25,1.46,2843760,90809000
1011,"Aug 19, 2015",1.17,1.32,1.17,1.26,1486240,84663900
1012,"Aug 18, 2015",1.22,1.33,1.09,1.09,1485680,88143200
1013,"Aug 17, 2015",1.58,1.58,1.19,1.2,1942830,95819700
1014,"Aug 16, 2015",1.68,1.7,1.09,1.57,3550790,102028000
1015,"Aug 15, 2015",1.8,1.88,1.57,1.69,2554360,109160000
1016,"Aug 14, 2015",1.81,2.26,1.75,1.83,4637030,109594000
1017,"Aug 13, 2015",1.22,1.97,1.17,1.83,4068680,73935400
1018,"Aug 12, 2015",1.06,1.29,0.883608,1.22,2150620,64018400
1019,"Aug 11, 2015",0.708087,1.13,0.663235,1.07,1463100,42796500
1020,"Aug 10, 2015",0.713989,0.729854,0.6365460000000001,0.708448,405283,43130000
1021,"Aug 09, 2015",0.706136,0.87981,0.629191,0.701897,532170,42637600
1022,"Aug 08, 2015",2.79,2.8,0.714725,0.753325,674188,167911000
1023,"Aug 07, 2015",2.83,3.54,2.52,2.77,164329,0
